'Teste', 'Agente', 'Tipo','N maq', 'Tam Net','Max Prod', 'Media Prod','Var Prod','Max Rec',  'Media Rec', 'Var Rec','Max Wp1',  'Media Wp1', 'Var Wp1',\'Max Wp2',  'Media Wp2', 'Var Wp2','Var act1', 'Var ac2'
5,A2C,MA,2,32,91.11556243896484,88.46572950754924,61.985894637300206,100.0,5.1239188182270565,5.639657078493882,1.0,0.7304884515404702,0.0001522294330060974,0.9980334639549255,0.9179072543680667,2.4589982709713884e-05,0.0,0.0
10,A2C,MA,2,32,91.17337799072266,88.51054054376544,61.96013503594545,100.0,5.116853031142243,5.61571409067924,1.0,0.7307382288873195,0.00015396979143127387,0.9980329871177673,0.9183685995042324,2.673946222464997e-05,0.0,0.0
15,A2C,MA,2,32,91.16533660888672,88.59087866202168,61.673955485008186,100.0,5.141028882428326,5.634022645947337,1.0,0.7313132332861424,0.0001528914656214274,0.9980320334434509,0.9191660724878311,2.6237421741016773e-05,0.0,0.0
20,A2C,MA,2,32,91.15531158447266,88.53651551518782,61.34949881401111,100.0,5.116344627679913,5.5941224477552405,1.0,0.7309512951970101,0.00014638841186074024,0.998310387134552,0.9187621309161186,3.1139582310531006e-05,0.0,0.0
25,A2C,MA,2,32,91.12081909179688,88.49040220785832,61.48389020885763,100.0,5.146549370528936,5.545487671653993,1.0,0.7382209190130233,0.00013990212995821025,0.9983101487159729,0.9182794005572796,3.0252343927470268e-05,0.0009985012491255617,0.0
30,A2C,MA,2,32,91.10282897949219,88.46607442023694,61.501610095735025,100.0,5.127899281043877,5.667246535462934,1.0,0.7303571370542049,0.00015068025929072711,0.9980314373970032,0.9179930586814881,2.7673808879202884e-05,0.0,0.0
35,A2C,MA,2,32,91.09362030029297,88.48354632374289,62.1877344689949,100.0,5.130246566123572,5.620312100024357,1.0,0.7304917784929276,0.00015519963858269992,0.9980323314666748,0.9181711781919003,2.6081164642574906e-05,0.0,0.0
40,A2C,MA,2,32,91.09204864501953,88.46569917107868,61.50633974166844,100.0,5.111218909586388,5.647094297937916,1.0,0.7304553761482239,0.0001462186821732545,0.9983103275299072,0.9181704850196838,3.1534042218283875e-05,0.0,0.0
45,A2C,MA,2,32,91.18756866455078,88.54691882850766,61.84539293250297,100.0,5.153654109815071,5.658286111674544,1.0,0.7340068743824959,0.00012708421257740408,0.9980323314666748,0.9188174075484276,2.7040078312785735e-05,0.19998596403946947,0.0
50,A2C,MA,2,32,91.06783294677734,88.4295602914752,61.62745677821266,100.0,5.158104821913008,5.619973585918863,1.0,0.7395596291720867,0.00011200305299124624,0.9983099102973938,0.9178098967969418,3.1215267600033744e-05,0.020069925057461278,0.0
5,DDQN,MA,2,32,91.10806274414062,88.43453768120594,62.09616833358275,100.0,5.168542228389656,5.496909686626181,1.0,0.7508689263761044,0.0009790639522480977,0.9980331063270569,0.9177065285742283,2.6540556380603173e-05,0.13274372309097826,0.09629368224433511
10,DDQN,MA,2,32,91.13956451416016,88.52655967195768,62.508019477623634,100.0,5.162119414197511,5.605523008554614,1.0,0.742656993240118,0.00028315854286669473,0.9980336427688599,0.9185157349109649,2.2677942908535244e-05,0.003486013115381339,0.06635712628443399
15,DDQN,MA,2,32,89.29920959472656,86.5300105050586,60.03978281731054,100.0,5.565890861072878,6.065283664719496,1.0,0.8866667203307151,0.000607765200081564,0.998310923576355,0.8992159236371517,5.2931225208470625e-05,0.6186701751572988,0.18768726581237122
20,DDQN,MA,2,32,91.11554718017578,88.46896350628016,61.771638373464626,100.0,5.224915920556158,5.66572741915456,1.0,0.746665374815464,0.0001769979640427958,0.9983095526695251,0.9181603786945343,3.052290456573553e-05,0.1874060471013868,0.0
25,DDQN,MA,2,32,90.21868896484375,87.3739377016547,63.64749784387423,100.0,5.487294759022362,5.810930391952565,1.0,0.8348817915022373,0.0007774624953492578,0.9980316162109375,0.9067712228894234,4.6070941776297895e-05,0.24496047828159895,0.0
30,DDQN,MA,2,32,90.50835418701172,87.64947110518762,68.85043439179336,100.0,5.3407524744312145,5.7184841975901035,1.0,0.7985726030170918,0.0011960698735063913,0.9983088374137878,0.9087838822305202,8.918737368730194e-05,0.2386158245215223,0.16699496328797117
35,DDQN,MA,2,32,88.14664459228516,84.88264381021693,69.09983791578424,100.0,5.3215700856213095,6.30106459312093,1.0,0.9022498352825642,2.2146776993245054e-05,0.9983094930648804,0.8802012672722339,0.00021360868057146497,0.2499894480545834,0.0
40,DDQN,MA,2,32,10.887096405029297,10.143336728185474,0.006367271804345471,2.6915359497070312,-1.2781398013055683,19.600286477565575,1.0,0.34112976568937303,0.0033129013555824992,0.9980331659317017,0.9234001497030259,7.174916844742272e-05,0.07513914287194073,0.0
45,DDQN,MA,2,32,91.0695571899414,88.32280437377976,64.46402120200183,100.0,5.666855653722783,5.833349699689614,1.0,0.8402871749699116,0.0001611143886023035,0.9976477026939392,0.9162880653738975,2.4093928240146024e-05,0.6860472812069726,0.0
50,DDQN,MA,2,32,90.10606384277344,86.02570609960598,108.10647241471747,100.0,5.549788870678834,6.369177023208452,1.0,0.8700737290084362,0.0007920849418224868,0.9980329871177673,0.9064803289175034,6.0725490609754176e-05,0.6356282128800667,0.0034860131153813386
5,A2C,MA,2,32,85.60015869140625,83.25186151936315,50.325091047636256,100.0,4.4829567138371855,7.949398633656727,1.0,0.8958783853948117,0.0007629340059017712,0.9980347752571106,0.8658546349108219,0.00015986710786524766,0.48278909021251487,0.0
10,A2C,MA,2,32,91.18850708007812,88.55290039296986,61.74044251609769,100.0,4.24132671027348,10.303510870522445,1.0,0.7344408704340458,0.00013132222296862575,0.9980341196060181,0.9188199243843556,2.75801706443924e-05,0.23840153886075463,0.0
15,A2C,MA,2,32,86.35606384277344,83.81725229351953,51.25536890353647,100.0,4.418272835687957,7.6738054230579715,1.0,0.8971899350583553,0.0005648087793605693,0.9980325102806091,0.8714019988775253,0.00014139921384549454,0.39337352812848947,0.0
20,A2C,MA,2,32,86.98485565185547,84.48863591723654,53.206539060985804,100.0,4.968180657460771,7.485293793458912,1.0,0.8945395705103875,0.0005459581641838048,0.9980336427688599,0.8779950252473354,0.00011044826083144733,0.3592541560304306,0.0
25,A2C,MA,2,32,88.02265930175781,85.59391554899659,55.75012701494833,100.0,5.127085919293209,7.692562080518969,1.0,0.8872910938560963,0.0005447415499883102,0.9980326294898987,0.8890778716206551,7.431527200068173e-05,0.34710730591725625,0.0
30,A2C,MA,2,32,88.65203857421875,86.29937040728369,56.263124127566336,100.0,5.184351013890509,8.00316847632275,1.0,0.8789970207512379,0.000701569465357175,0.998033344745636,0.8962244283556938,6.975519753109523e-05,0.3461078056673812,0.0
35,A2C,MA,2,32,86.79866790771484,84.30032112382759,54.390812687946905,100.0,4.688458965554171,7.6358465272101705,1.0,0.8969616710543632,0.00047563882177335305,0.9980329275131226,0.8760091205537319,9.005503185916901e-05,0.3435163977231774,0.0
40,A2C,MA,2,32,87.62156677246094,85.09259752819742,57.324542692942046,100.0,5.110771824923651,7.75657324308443,1.0,0.8930828672945499,0.0003283254875893798,0.9983096718788147,0.8838786910772324,7.098157349681768e-05,0.5724723844974065,0.0
45,A2C,MA,2,32,90.75360107421875,87.65253004534492,71.57550164680671,100.0,4.940698197592741,7.870115298658459,1.0,0.866486805409193,0.00018569852247774386,0.9980342388153076,0.9087700573503971,0.0001396141638574194,0.18141054410326068,0.0
50,A2C,MA,2,32,84.47406005859375,82.50468679549157,50.97347481720658,100.0,3.180661837855677,6.787501916724318,1.0,0.9061031118035316,0.00018051473306978627,0.9983102083206177,0.857736800789833,0.00016252502994493022,0.5827481062067666,0.0
5,PPO,MA,2,32,27.962331771850586,25.541407316744685,12.5545722724283,2.857792854309082,1.0810491468788992,21.775607672347473,1.0,0.8308091851472854,0.006895894920780925,0.998309850692749,0.8993737386465073,0.000439258904935917,0.0,0.04289225939338887
10,PPO,MA,2,32,28.57737922668457,26.886952752362706,10.358065388684393,2.905669927597046,1.2429913985515069,21.727083737294382,1.0,0.8674320099353791,0.004562533120926081,0.9980332851409912,0.8994333125352859,0.00027419050622369155,0.1906127864032414,0.013776837542479907
15,PPO,MA,2,32,87.32115936279297,76.1159764856532,254.26598300376494,100.0,3.811948680392895,8.769366822759066,1.0,0.8664611712098121,0.0004497693784732646,0.9983103275299072,0.9170923507213593,2.885320090924068e-05,0.3133056160575385,0.11415931214802393
20,PPO,MA,2,32,10.887096405029297,10.152660048174525,0.008022106252588885,2.7021052837371826,-2.016999254402372,21.35759646598611,1.0,0.3419598836898804,0.0033970160847633006,0.9980298280715942,0.9235364809036255,8.460544177914437e-05,0.0,0.0
25,PPO,MA,2,32,23.885723114013672,18.380602225572048,17.472248633588933,2.702498197555542,0.12280483627106303,22.97563531266046,1.0,0.6046749693155289,0.014350511909204253,0.9983091950416565,0.9233507760763169,0.0001122598129048477,0.6046828498691239,0.01377683754247991
30,PPO,MA,2,32,10.887096405029297,10.12110067889124,0.007832598295321602,2.7022290229797363,-2.136795563356553,21.135396853042643,1.0,0.3423814994096756,0.0034032103206701404,0.9980315566062927,0.9243975245952606,8.174723105935443e-05,0.8723471221230193,0.0
35,PPO,MA,2,32,10.887096405029297,10.13099225552496,0.00864418913090692,2.702234983444214,-2.158213913176737,21.07590453489928,1.0,0.3427080121040344,0.0034144012461985456,0.9980331659317017,0.9243134171962738,9.28839796058657e-05,0.9091597244632492,0.0
40,PPO,MA,2,32,10.887096405029297,10.155670780859545,0.007358103424218738,2.702287435531616,-2.1274755149127027,21.15506478266946,1.0,0.34189691591262816,0.003411790632935324,0.9983100891113281,0.9247771302461624,8.761997190176786e-05,0.0,0.0
45,PPO,MA,2,32,10.887096405029297,10.126564732092822,0.008210184813276792,2.7022147178649902,-2.1003698441843612,21.20627496186122,1.0,0.3421933234333992,0.0033891601766734957,0.9980338215827942,0.9232922078371048,8.790171858022261e-05,0.0,0.0
50,PPO,MA,2,32,10.887096405029297,10.130507665242027,0.006803863119087676,2.7022249698638916,-2.0492187465332865,21.276613555847035,1.0,0.3422235105633736,0.0033880993691881027,0.9980341196060181,0.9228554245233536,7.925930279517802e-05,0.0,0.0
5,DDQN,MA,2,32,32.18369674682617,30.502401445202246,2.659169979428417,3.3916242122650146,0.22035361367845704,20.87552247034343,1.0,0.9222831451892852,5.559461248128768e-05,0.9983084797859192,0.394703093111515,0.01641235531820777,0.3936318978808849,0.0
10,DDQN,MA,2,32,10.887096405029297,10.107617100317796,0.008954364230559099,2.702272891998291,-2.288508673786872,21.01137932876572,1.0,0.31158115303516387,0.0035121635504973456,0.9980315566062927,0.9243569873571396,8.818472611829888e-05,0.0099441834893088,0.4094645041254815
15,DDQN,MA,2,32,88.69134521484375,85.7475210039214,68.72740368591015,100.0,5.208368072087976,7.794272616884702,1.0,0.8945460905432701,2.751239697657834e-05,0.9983107447624207,0.8885834442377091,0.00016289454104564567,0.38935704561512346,0.0
20,DDQN,MA,2,32,89.21971893310547,86.22424156221373,66.6315175170064,100.0,5.214640867249898,7.550507967790903,1.0,0.8927081568837166,3.150393941577317e-05,0.9980327486991882,0.9009557262957096,4.772315729362972e-05,0.6284478949930332,0.2648425911981541
25,DDQN,MA,2,32,90.5791015625,87.83608931723028,63.94925851042932,100.0,5.1855804201128,7.888855272949941,1.0,0.8839547245800495,3.7858199760542454e-05,0.9983090162277222,0.9111722713410855,3.452908425311353e-05,0.6701092232494449,0.0
30,DDQN,MA,2,32,88.53459167480469,82.68941845862881,94.47505835713616,100.0,4.759215073554829,8.135870081719903,1.0,0.8910812778472901,3.8272946308811174e-05,0.9983091354370117,0.910096713423729,3.6218210517353933e-05,0.4083660318766154,0.03699999075924307
35,DDQN,MA,2,32,89.98336029052734,87.20220929583807,63.24552497347988,100.0,5.3090063916302395,7.535091863518678,1.0,0.8974996757209301,2.969107726354287e-05,0.9980320930480957,0.906172043800354,3.6249131831846375e-05,0.6303355069092141,0.0744050763224085
40,DDQN,MA,2,32,86.53611755371094,78.07490703262489,124.81803922925911,100.0,3.9888375400752203,7.944595147959385,1.0,0.8994128026068211,4.58452521351006e-05,0.9983106851577759,0.9085936457514763,4.0070626768655864e-05,0.39612177919036484,0.038381608795802005
45,DDQN,MA,2,32,89.03231048583984,85.5736790175202,77.7248179596556,100.0,5.159263143512322,8.021496284248736,1.0,0.8977628474831582,3.934611760249964e-05,0.9983094930648804,0.8931196009814739,0.0003945515739061469,0.2529529837779761,0.021027467275857307
50,DDQN,MA,2,32,10.887096405029297,10.105328674087982,0.009154715305618644,2.7022769451141357,-2.162747080893276,21.063535157605923,1.0,0.34186825877428056,0.0034147073414969387,0.9983088970184326,0.9241497857570649,8.964474854646487e-05,0.03952175489340679,0.0
5,PPO,MA,2,32,10.887096405029297,10.101283617838176,0.008993825687679311,2.7490928173065186,-2.450568301268591,20.84538858188698,1.0,0.24931506675481796,0.003685060678724769,0.9983093738555908,0.9237914927005768,8.863513251068247e-05,0.007920287170170631,0.0
10,PPO,MA,2,32,28.85330581665039,28.564286342400038,1.7956148239098428,3.1201798915863037,0.011537370284993253,20.63729356046048,1.0,0.9204783371686935,6.020770298127689e-05,0.9983095526695251,0.37340528386831284,0.01671829449972168,0.0,0.0
15,PPO,MA,2,32,29.093355178833008,28.70385472074954,1.884003182769338,3.0750458240509033,0.013008948100603905,20.62548024687489,1.0,0.9203501586914062,6.870543375466387e-05,0.9980317950248718,0.3745451151132584,0.01644084176340664,0.0,0.0
20,PPO,MA,2,32,28.850788116455078,28.590296676772798,1.8243027520945645,3.072067975997925,0.04220376895952546,20.668983381331657,1.0,0.9213154875040054,6.25136612092595e-05,0.9980338215827942,0.3731958095431328,0.016495821570135315,0.0,0.0
25,PPO,MA,2,32,91.18085479736328,88.5176906314032,62.06093414884987,100.0,4.327138779924131,9.966245975548794,1.0,0.7479697622060776,0.00034021891940959873,0.9980325698852539,0.9185944836735725,2.5677143684164035e-05,0.17041454285351076,0.0
30,PPO,MA,2,32,91.1566162109375,88.49214704295268,62.082707820373145,100.0,4.325479762828809,9.893792143069586,1.0,0.7430414948165417,0.00015349445623310772,0.9980329275131226,0.9180542427003384,2.353155299291007e-05,0.1684285293635042,0.0
35,PPO,MA,2,32,91.132080078125,88.41503580780639,62.07086246140825,100.0,4.42451639450353,9.83502192354808,1.0,0.7484737144112587,0.00027104400968623805,0.9983094930648804,0.9175113185644149,2.8028039411284044e-05,0.19113132089627355,0.0
40,PPO,MA,2,32,43.93434524536133,39.436387975772696,18.7218090345989,3.64207124710083,0.6213845765491924,21.178013023716026,1.0,0.921647566318512,5.432315771243305e-05,0.9980320334434509,0.4830015575289726,0.009892546595111013,0.249775897307182,0.0
45,PPO,MA,2,32,91.11199188232422,88.50084448504126,61.73025671939796,100.0,4.380354040327934,9.81969372029983,1.0,0.7475260615050793,0.00029404285213133257,0.998310387134552,0.918419135093689,2.965880733618226e-05,0.16320924994773978,0.0
50,PPO,MA,2,32,91.09940338134766,88.29225387220559,64.52148458990925,100.0,4.3795686226258095,9.778708046343063,1.0,0.7467082614898681,0.0002079450683083505,0.9983094334602356,0.916095956414938,3.062266772318478e-05,0.18793651649937154,0.0
5,DDQN,MA,2,32,22.574726104736328,22.087058682165697,1.8291870749978643,2.749155044555664,0.051953449368499174,22.37332525380777,1.0,0.7238731018304825,0.0003870315299845722,0.9980328679084778,0.9228553372621536,7.58114827797737e-05,0.498739048848411,0.24999900398803196
10,DDQN,MA,2,32,83.22364044189453,80.60052432327613,58.565424746885846,100.0,3.0006652818373714,6.762475770366222,1.0,0.9109403074681759,2.0819288810871935e-05,0.9980350136756897,0.83670311242342,0.0001707462379207775,0.35177014191554895,0.0
15,DDQN,MA,2,32,89.05943298339844,86.1300362463536,66.53277233208546,100.0,5.179916756338384,7.9967162797238185,1.0,0.8899756723344326,4.2764312086623206e-05,0.9980327486991882,0.8974953043460846,4.742321109130857e-05,0.2529594772828479,0.05839858681353976
20,DDQN,MA,2,32,37.4019660949707,29.68536184124366,27.82459473468829,3.473626136779785,1.4506172260488877,22.811376110813615,1.0,0.8329717779159546,0.0018417314331424792,0.9980329275131226,0.9238098925352096,8.676432877192716e-05,0.3251222106684834,0.025274799701993225
25,DDQN,MA,2,32,64.21807098388672,63.45940891977132,10.941846258438627,4.387526512145996,3.097986528919477,2.624759467995337,1.0,0.900700618430972,1.6569993561877662e-05,0.9980322122573853,0.9181477095335722,1.1608119568596543e-05,0.5488615349286897,0.004726261573821741
30,DDQN,MA,2,32,89.11155700683594,85.70799871947037,62.286205833202445,100.0,5.1106316559780005,7.83591027175347,1.0,0.8781101862788201,0.0007881883757556156,0.9980311989784241,0.9037929369807244,3.9165222449748694e-05,0.51601635464127,0.019590404697701114
35,DDQN,MA,2,32,89.94332122802734,87.12966860371313,65.74122355489898,100.0,5.3175105113556596,7.960570821196232,1.0,0.8899854244887829,2.8252799543955078e-05,0.9980328679084778,0.9035030701458454,5.6561798809562594e-05,0.667137695520056,0.0
40,DDQN,MA,2,32,16.3861141204834,15.283240796087268,0.7714076827087143,2.7025487422943115,-1.4006796266415162,22.17401582857485,1.0,0.5044481573104859,0.0017009439178664093,0.9980318546295166,0.9255138652324677,7.435371129164712e-05,0.08011123461659515,0.4142453615722646
45,DDQN,MA,2,32,89.06263732910156,86.12407746045724,64.88385173368188,100.0,5.275605906663031,7.681836064176628,1.0,0.8968998265862465,3.208930020654448e-05,0.998310923576355,0.8940183183848858,8.415616032306106e-05,0.2499859515519601,0.0
50,DDQN,MA,2,32,89.1720199584961,86.37353281186022,64.43341027052718,100.0,5.307642282090564,7.624751663018098,1.0,0.8989436647295952,3.167364005544391e-05,0.998030960559845,0.8960940990149975,6.084687817075441e-05,0.24998595155196007,0.18259735699366705
5,A2C,MA,2,32,88.42582702636719,85.91442867519258,57.62212267374716,100.0,5.181191051552917,7.871688029330005,1.0,0.8866742899119854,0.0003885024122821631,0.9983094334602356,0.8923554808199405,6.24981648501061e-05,0.35234007184313887,0.0
10,A2C,MA,2,32,91.14950561523438,88.4732819713991,61.9685094275163,100.0,4.398130565732792,9.72138484898065,1.0,0.7359968859553337,0.0001123632192317055,0.9983103275299072,0.9180000665485859,2.755767376479981e-05,0.1614325271147535,0.0
15,A2C,MA,2,32,91.16925811767578,88.56830639579427,61.885033588541766,100.0,4.390397755169439,9.750927543240497,1.0,0.7392724416255951,0.0001535129204385225,0.9980337619781494,0.9189233918488026,2.4678956124277973e-05,0.16583911942079937,0.0
20,A2C,MA,2,32,85.6913833618164,82.98342442119318,57.97076540347834,100.0,4.189015716023889,7.645518166057516,1.0,0.9052397155165672,5.66128785305362e-05,0.9980316758155823,0.8620944068431854,9.98071546505849e-05,0.2657441893745781,0.0
25,A2C,MA,2,32,88.97437286376953,86.35952241631641,58.36051483734149,100.0,5.122190468709568,7.7856189517980114,1.0,0.8864022383093834,0.00022519309148387296,0.9980334639549255,0.8966816174387932,5.1520270138954617e-05,0.25293050626111235,0.0
30,A2C,MA,2,32,88.08294677734375,85.28828892333695,59.77327983327455,100.0,5.0614928076977375,7.698462490423575,1.0,0.8943196555376053,0.00011079921967958429,0.998033344745636,0.8857518431544303,6.268627875562408e-05,0.24997246504184184,0.0
35,A2C,MA,2,32,86.3843765258789,83.8215606042232,57.3304330336657,100.0,4.772515189060862,7.6099875635138785,1.0,0.9049855473041535,1.8707102410246477e-05,0.9983082413673401,0.870412617713213,7.910949622455017e-05,0.2499774600455895,0.0
40,A2C,MA,2,32,88.37370300292969,85.61743910463973,60.17665636624236,100.0,5.09094057589963,7.603383203496517,1.0,0.8932549745440483,4.706074070615856e-05,0.99803227186203,0.8888847326040268,4.998813143270566e-05,0.2499774600455895,0.0
45,A2C,MA,2,32,88.19244384765625,85.54423784840291,61.218864081119605,100.0,5.016310376652713,7.75309767532094,1.0,0.8931681786775589,5.429311914781905e-05,0.9980322122573853,0.8880865767300129,6.09276321902577e-05,0.24998195554896216,0.0
50,A2C,MA,2,32,86.840087890625,84.19544991917874,58.16311423797423,100.0,4.894786824872051,7.737107431351629,1.0,0.9014650865793228,2.145448915826735e-05,0.9980321526527405,0.8741632502675056,6.662849111070713e-05,0.2499859515519601,0.0
5,PPO,MA,2,64,10.887096405029297,10.531087896305168,0.03018717470793432,2.702378273010254,-1.9443857309198427,21.369992284666164,1.0,0.353476765871048,0.0031658792843057676,0.9980329275131226,0.9252284692525864,7.863167145238177e-05,0.0,0.3532814610300357
10,PPO,MA,2,64,29.268857955932617,28.82732590658222,2.001685525004431,3.100560426712036,0.05082595558649305,20.773234621673126,1.0,0.9204731763601303,7.308195495088937e-05,0.9980323314666748,0.3752736726999283,0.016044583009097314,0.0,0.0
15,PPO,MA,2,64,29.047327041625977,28.731820388230496,1.903042738782181,3.1917471885681152,0.0680658086283205,20.72548632625291,1.0,0.9218548325300217,5.9745461527131316e-05,0.9980329871177673,0.37463750314712524,0.01638623238196142,0.0,0.0
20,PPO,MA,2,64,28.93691635131836,28.67247805528774,1.8543617336566705,3.1906707286834717,0.0482092329046267,20.677822931119923,1.0,0.9220228843688965,5.692693062675949e-05,0.9980315566062927,0.3744923996925354,0.016627890778270454,0.0,0.0
25,PPO,MA,2,64,28.482160568237305,26.516731722864087,12.5278203796782,3.1794893741607666,0.33038483738785573,20.994647562608538,1.0,0.8559971895217896,0.00641486015447621,0.998033344745636,0.6765042927265167,0.024396457154356795,0.0,0.07346584276556667
30,PPO,MA,2,64,18.633256912231445,16.63221863501086,2.971111305270952,2.7025232315063477,-0.8862136354104815,22.36147200415798,1.0,0.548877994120121,0.002225099813892684,0.9980318546295166,0.9215774440765381,7.814843628787002e-05,0.0,0.009880438723351696
35,PPO,MA,2,64,28.98558807373047,28.711052708045212,1.8294916869272797,3.195455551147461,0.043989214311891095,20.729045911173454,1.0,0.9221641252040863,5.5087257496820087e-05,0.998032808303833,0.37507515847682954,0.016756416348719817,0.0,0.0
40,PPO,MA,2,64,29.085508346557617,28.79959765641751,1.8687312147701962,3.234286069869995,0.043934005113716375,20.70767932592085,1.0,0.9224889019727707,5.404181170080464e-05,0.9983100295066833,0.37584860986471175,0.016654620399359072,0.0,0.0
45,PPO,MA,2,64,29.24939727783203,28.81011132375447,1.9154990958105254,3.101249933242798,0.03809551018645277,20.653664637592794,1.0,0.9221497011184693,5.586184854514045e-05,0.9980342388153076,0.37588174372911454,0.016495417564659866,0.0,0.0
50,PPO,MA,2,64,29.026718139648438,28.69045840623136,1.8625108663417786,3.1917479038238525,0.07374846037735645,20.760035564796805,1.0,0.9220928027629852,5.411912667325903e-05,0.9980335831642151,0.37479806059598925,0.01665639977757725,0.0,0.0
5,PPO,MA,2,128,28.88755226135254,28.535962245659437,1.9590807580099443,3.0286264419555664,1.202375218480409,21.585308111631264,1.0,0.92072183573246,8.06214594159407e-05,0.9983095526695251,0.7910798362493515,0.0022282983280863685,0.13854924880777372,0.24995119541356403
10,PPO,MA,2,128,10.887096405029297,10.198181590158306,0.007486998477687035,2.7022945880889893,-1.9607908684544697,21.31151547827858,1.0,0.3448339573144913,0.003335260642600805,0.9980329275131226,0.9247200658321381,8.48698197571428e-05,0.007968095744638462,0.007968095744638462
15,PPO,MA,2,128,10.887096405029297,10.123403492088089,0.009428146821079366,2.7027416229248047,-2.1080472171868934,21.16692349568401,1.0,0.3424801436662674,0.0034267613552312606,0.9983094334602356,0.9255484875440597,9.263227171970373e-05,0.007968095744638462,0.9017972039952035
20,PPO,MA,2,128,10.887096405029297,10.134520271819033,0.008333165127469786,2.702467918395996,-2.1607553004305773,21.15399314798385,1.0,0.34284190863370895,0.0034178561044972845,0.9983102083206177,0.924793984413147,8.987999154276373e-05,0.0,0.08589607212720267
25,PPO,MA,2,128,10.887096405029297,10.17009754904254,0.007931925814854043,2.702624559402466,-2.1353360143022617,21.12266633584189,1.0,0.343962587416172,0.003352321861170931,0.9983094930648804,0.9236498575210571,8.733526967948454e-05,0.0,0.0
30,PPO,MA,2,128,10.887096405029297,10.140176805431496,0.008736166614717789,2.702265977859497,-2.141096570516031,21.11281429477638,1.0,0.343026815533638,0.003420464145467479,0.9983106255531311,0.9248680300712585,9.553620587511012e-05,0.0,0.0
35,PPO,MA,2,128,10.887096405029297,10.184657759295252,0.007460931927863466,2.702298402786255,-2.117368515398718,21.141393058439565,1.0,0.34445064967870714,0.00339575524497971,0.9983097314834595,0.9269557545185089,9.000834347149914e-05,0.0,0.0
40,PPO,MA,2,128,10.887096405029297,10.166178895565801,0.006065923127775848,2.702253818511963,-2.1230180661143834,21.120707161035273,1.0,0.34387144261598585,0.003349234391620201,0.9980320334434509,0.9236978757381439,7.464831448602498e-05,0.0,0.0
45,PPO,MA,2,128,10.887096405029297,10.113511612791264,0.007225046770956316,2.7022945880889893,-2.1451689901291404,21.116219666386975,1.0,0.34216944307088853,0.003380059432564921,0.9980318546295166,0.9236870387792587,7.548136328441346e-05,0.0,0.0
50,PPO,MA,2,128,10.887096405029297,10.114931449204862,0.008148956809754524,2.702200174331665,-2.094555568165646,21.096590481556213,1.0,0.3422343972325325,0.003414565893926648,0.9980307221412659,0.9237492827177047,8.438540761868825e-05,0.0,0.0
5,DDQN,MA,2,64,25.302188873291016,24.076883152335466,6.699371957702129,2.762648820877075,0.7720440968187031,22.693319018984447,1.0,0.7880601724386215,0.0025541841825024933,0.9980341792106628,0.9247307692766189,7.490923295863835e-05,0.07824670021234978,0.3183891697642639
10,DDQN,MA,2,64,49.71553421020508,47.690821403990725,21.312673838322436,3.8194057941436768,1.6168476218532422,23.51542731948934,1.0,0.8280344785451889,0.00018122584544607464,0.9983084201812744,0.9231889545917511,8.92173518670134e-05,0.2577599292433097,0.4324046517742957
15,DDQN,MA,2,64,88.13838195800781,82.73453443995241,98.77544510275841,100.0,4.752040875689319,8.155128057507207,1.0,0.8987659679055214,2.9258009900989886e-05,0.9980319142341614,0.9014552598893643,6.660313008792333e-05,0.25197146554159194,0.08593654197389064
20,DDQN,MA,2,64,12.41718864440918,12.088309624951757,0.16477256083544392,2.7023534774780273,-1.7667318252040753,21.65900014891585,1.0,0.40435989886522294,0.0023540358831598677,0.9976478219032288,0.9221095956563949,6.654674590167159e-05,0.04733048872315252,0.24525798701997203
25,DDQN,MA,2,64,90.57999420166016,87.81236633451387,64.95653480918357,100.0,5.358743679904747,7.943447074643328,1.0,0.8766391012370587,7.709890915763367e-05,0.9980334043502808,0.9123807510435581,2.7487400200908528e-05,0.6408719678141939,0.038381608795802005
30,DDQN,MA,2,64,89.72506713867188,86.94796812266246,63.10633594258199,100.0,5.277913565086997,7.730829002867587,1.0,0.89481634542346,3.99061716102336e-05,0.9983099102973938,0.9026299493908883,4.342886673794538e-05,0.310395526874244,0.10441256133552412
35,DDQN,MA,2,64,89.28376770019531,86.3314065342245,65.00690559934982,100.0,5.2494166371808655,7.501010461303038,1.0,0.8979691585898399,3.096149779825827e-05,0.9980331659317017,0.895533488214016,7.067507231134128e-05,0.31218773421884766,0.0
40,DDQN,MA,2,64,89.53491973876953,86.07561118360879,77.70247573249452,100.0,5.2161745169441565,7.76780650070013,1.0,0.8961458847522735,3.9162275357544805e-05,0.9980309009552002,0.8994672096073627,7.110599928945491e-05,0.26185607845752285,0.0014970026231262174
45,DDQN,MA,2,64,82.4004898071289,66.82845427261955,335.63133660793994,100.0,3.1586983778003392,7.666026727990232,1.0,0.8570332011878491,0.0051616001211880055,0.9980329871177673,0.9068403798937797,5.93193421705331e-05,0.28084658320514905,0.05205942755758551
50,DDQN,MA,2,64,89.73542022705078,86.82725514655468,65.1821017579059,100.0,5.270158463093949,7.798207443782893,1.0,0.8919875626564026,2.836123009106095e-05,0.9983102679252625,0.9006211923658848,6.365030304409535e-05,0.3248365822086458,0.0
5,A2C,MA,2,64,10.887096405029297,10.173409930246319,0.007010077077994264,2.7491283416748047,-3.0219775796561184,20.051227424897725,1.0,0.1167918892800808,0.006682846771601886,0.9983102679252625,0.9239179865121842,8.87759998683113e-05,0.0,0.0
10,A2C,MA,2,64,10.887096405029297,10.117518799985477,0.007308380681613724,2.749199390411377,-2.9794112664764514,20.134140981077422,1.0,0.11622614544630051,0.006666187650031298,0.9980330467224121,0.9230652021169663,7.949879938115853e-05,0.0,0.0
15,A2C,MA,2,64,19.047096252441406,15.070865819554129,4.742823447772086,2.749006986618042,-2.506498432861355,21.272242903715878,1.0,0.15783966794610024,0.005651063095823954,0.9980313777923584,0.9243828165531158,7.833599040020403e-05,0.0,0.01183262218078813
20,A2C,MA,2,64,90.97952270507812,87.89491853089645,73.61664059164903,100.0,4.270582746425788,10.124602352536487,1.0,0.7241276327073574,0.00042373775184749636,0.9976474046707153,0.9179596276581288,2.229560317674115e-05,0.0,0.1181812891655122
25,A2C,MA,2,64,91.18119812011719,88.4821448276068,62.35240966462562,100.0,4.292585811917035,10.093199842046024,1.0,0.7304854473471641,0.00015881620549760376,0.9983115196228027,0.918090558707714,2.6175333923485335e-05,0.0,0.0
30,A2C,MA,2,64,91.16063690185547,88.52862748094108,62.21363962031285,100.0,4.3157614153632515,9.982669061502893,1.0,0.7309713951349258,0.00015206106584430683,0.9983096718788147,0.9186928173303605,2.7708365410747308e-05,0.0,0.0
35,A2C,MA,2,64,91.1404037475586,88.48355264630334,61.942888273057804,100.0,4.321928379544313,9.972128839749299,1.0,0.7306595795154571,0.00014949051431466833,0.9983092546463013,0.9181868695020675,2.8144298316587267e-05,0.0,0.0
40,A2C,MA,2,64,91.0872802734375,88.50124867995461,61.44099887207368,100.0,4.337735350462033,9.895313136516807,1.0,0.7307672090828419,0.0001457910253533109,0.9980301856994629,0.9184191410243511,2.9866403880358467e-05,0.0,0.0
45,A2C,MA,2,64,91.11661529541016,88.42349409163445,62.44706679200111,100.0,4.3469185119328175,10.036599614646306,1.0,0.7299160036444664,0.00016294916381934135,0.9983090758323669,0.917322509676218,2.490416814266047e-05,0.0,0.0
50,A2C,MA,2,64,91.10018157958984,88.43918419313216,62.29957168250275,100.0,4.295553222678412,10.029884093517527,1.0,0.7301790176928044,0.00015606904299426388,0.9980323314666748,0.9176685345470905,2.5083209856954903e-05,0.0,0.0
5,PPO,MA,2,32,10.933098793029785,10.128813454252994,0.008851967053386029,2.702449321746826,-2.1170721664690615,21.18536345226582,1.0,0.3426339893937111,0.0034115130211459814,0.9983096718788147,0.924619555234909,8.902342363667507e-05,0.0,0.09351357165907702
10,PPO,MA,2,32,28.97905731201172,28.66115898429277,1.8050149095656254,3.1983888149261475,0.029605081915565414,20.696473888029278,1.0,0.9234807162284852,5.0743052517615065e-05,0.9983110427856445,0.3748604825139046,0.016917789742267104,0.0,0.0
15,PPO,MA,2,32,28.83681297302246,28.57583171402861,1.8781803383233993,3.057360887527466,0.05315024010974639,20.66840438022982,1.0,0.920925661444664,6.659641870822751e-05,0.9980331659317017,0.3729271414875984,0.01636512831793923,0.0,0.0
20,PPO,MA,2,32,91.17864990234375,88.56466455044954,61.757385609024126,100.0,4.295737259868143,9.982091454524,1.0,0.7312049418389798,0.00015017473844797013,0.9983087778091431,0.9191044573783874,2.9316041830888422e-05,0.0,0.0
25,PPO,MA,2,32,91.07964324951172,87.98932164100216,73.47168749790485,100.0,4.397507615532653,9.742811928841157,1.0,0.7533369334042073,0.0007126626078985215,0.9980316162109375,0.9109630686044693,0.00018552087721679234,0.14849996291209716,0.0
30,PPO,MA,2,32,91.10150909423828,88.37859263794235,63.18972021599062,100.0,4.413465472294771,9.823215776218118,1.0,0.7504984509944915,0.0004205166017671459,0.9980349540710449,0.9170212318301201,2.3276923232838383e-05,0.18337358057602882,0.0
35,PPO,MA,2,32,91.10730743408203,88.4651721652182,61.810016760306084,100.0,4.391178571927672,9.670729780751238,1.0,0.7303449715673923,0.00015304137144540135,0.9980316162109375,0.9179666057825089,2.5812544744149772e-05,0.0,0.0
40,PPO,MA,2,32,91.13453674316406,88.42618356377766,63.43563404385056,100.0,4.401274274813122,9.958866046616164,1.0,0.7528821198940278,0.0004360016630919479,0.9980325698852539,0.9175830682516098,2.4268316539613164e-05,0.19064530703164156,0.0
45,PPO,MA,2,32,91.1575698852539,88.499297480414,62.18677072286226,100.0,4.354340537809122,9.802107517597973,1.0,0.7463930266797543,0.00022536418048396326,0.9980348348617554,0.9182407717704772,2.3421420541343626e-05,0.16467528354763145,0.0
50,PPO,MA,2,32,91.14224243164062,88.50911875214355,62.14152580987998,100.0,4.349502289849243,9.84724547844936,1.0,0.742336100667715,0.00013697985939816482,0.9980339407920837,0.9182613122165203,2.4461780905928807e-05,0.15103143081133097,0.0
5,PPO,MA,2,64,29.01832389831543,28.62804665061052,1.8043568563847665,3.076735734939575,0.2611982672170414,20.7560374750441,1.0,0.9225974495410919,5.165784776426511e-05,0.9983084201812744,0.5225035064816475,0.011277233009078864,0.2667718455304959,0.24956075872207684
10,PPO,MA,2,64,10.887096405029297,10.103711377598806,0.007357884666900019,2.7021875381469727,-2.13671250247997,21.15000485684304,1.0,0.3393460844755173,0.003450948666119848,0.9980327486991882,0.9239963698387146,7.341022597547067e-05,0.0,0.0
15,PPO,MA,2,64,10.887096405029297,10.118129343805675,0.008073401332857553,2.702261209487915,-2.155839224790266,21.076723646336088,1.0,0.3409249001145363,0.003426403850719562,0.9980334043502808,0.9253437988758088,7.991292660367952e-05,0.007968095744638462,0.0
20,PPO,MA,2,64,28.817485809326172,27.992476297709757,4.963569175578927,2.9802870750427246,1.363342710300358,21.615823022101207,1.0,0.9036333414316178,0.001120342843083085,0.9980330467224121,0.8847017369270325,0.00043200752456497147,0.0,0.24997509970079795
25,PPO,MA,2,64,10.887096405029297,10.094546474144606,0.0074077884904313485,2.7024357318878174,-2.1415489260218816,21.11965419450741,1.0,0.34037677228450774,0.0033944556297322535,0.9980335831642151,0.9231752843856812,7.401627618495219e-05,0.0,0.0
30,PPO,MA,2,64,10.887096405029297,10.099166426592006,0.009290512376967246,2.702329635620117,-2.1448968443796486,21.161475468224726,1.0,0.3404186997413635,0.0034513929139615407,0.9983116388320923,0.9235934278964997,9.093388766868991e-05,0.0,0.0
35,PPO,MA,2,64,29.032331466674805,28.686238745729366,1.8296149645956308,3.1071383953094482,0.18247800773035683,20.730831461014702,1.0,0.9222446837425232,5.878874285499443e-05,0.9983094930648804,0.4825085729956627,0.018374925061869166,0.0,0.23772813654128863
40,PPO,MA,2,64,10.887096405029297,10.114226040487994,0.00756819712081149,2.7023627758026123,-2.208896845345852,20.95607225152697,1.0,0.3412233687639236,0.0034311484219577354,0.9980315566062927,0.9249823207855224,7.550867171370303e-05,0.0,0.0
45,PPO,MA,2,64,10.887096405029297,10.125957945863643,0.008784723725722502,2.702529191970825,-2.1464046126314273,21.091406523225476,1.0,0.3418812370896339,0.0034282073874502225,0.9983103275299072,0.9260520758628845,8.645231276128266e-05,0.0,0.0
50,PPO,MA,2,64,29.152864456176758,28.782539952063036,1.898301392179376,3.1328201293945312,0.049389447022588205,20.673261792588814,1.0,0.9217074484825134,5.8569753279107664e-05,0.9980328679084778,0.38345245146751405,0.017252981373829766,0.0,0.07178457456344794
5,PPO,MA,2,128,86.3039321899414,82.35844350611788,92.5315170359682,100.0,4.555733997402699,8.273915624703351,1.0,0.8996142345666885,2.8188154705585685e-05,0.99803227186203,0.8584599511921406,0.0007958259940067146,0.424498894980296,0.10850247040397842
10,PPO,MA,2,128,28.978496551513672,28.638804881158702,1.888685023757184,3.045473098754883,0.03202862121471987,20.674160330540946,1.0,0.9198692624568939,7.841833886702834e-05,0.9980335831642151,0.3737091341018677,0.016319026326958155,0.0,0.058047577499691215
15,PPO,MA,2,128,29.112594604492188,28.729085905109336,1.857974664922123,3.0780692100524902,0.06102856414061701,20.701936705231937,1.0,0.9217550934553146,5.178558427402462e-05,0.9980319738388062,0.3753136424422264,0.016738220030256202,0.0,0.0
20,PPO,MA,2,128,26.45119285583496,23.572071338128186,3.384895074671293,2.887788772583008,0.8610205095179543,23.625852194815568,1.0,0.769190356373787,0.002376427498295035,0.9980338215827942,0.9219972199201584,8.309450979920249e-05,0.0,0.24983167397739445
25,PPO,MA,2,128,29.076549530029297,28.695701167017162,2.194806632707377,2.9888195991516113,0.3523326588124446,20.766584989610887,1.0,0.9194826672077179,0.00012629668333571028,0.9983101487159729,0.5800406918525696,0.008455027492285222,0.023808670084979753,0.24971215254122495
30,PPO,MA,2,128,29.39131736755371,28.98081535636308,1.9484852516149496,3.284698963165283,0.052791829148452436,20.67521190784557,1.0,0.9230845494270324,5.1030202854134705e-05,0.9983095526695251,0.37813394141197204,0.01667166591995631,0.0,0.0
35,PPO,MA,2,128,21.086000442504883,19.818148264627972,3.1742294785617893,2.7021656036376953,-0.16008589733317644,22.76479291084339,1.0,0.6518195439577102,0.0014946626783357093,0.9980326294898987,0.9252015424966812,7.84712174609123e-05,0.8967294951016131,0.24798307576463843
40,PPO,MA,2,128,28.948598861694336,28.648996031450892,1.826840405596507,3.072002410888672,0.08566993613822196,20.750962288812776,1.0,0.92246688747406,5.6105517835809686e-05,0.9980332851409912,0.3744400022029877,0.016755788643121616,0.37207819889163785,0.0
45,PPO,MA,2,128,28.91045379638672,28.633575837293307,1.8359048239470033,3.126112699508667,0.023410883778613247,20.64910077235362,1.0,0.9227059093713761,5.6568229314856516e-05,0.998031497001648,0.37394407677650454,0.01662096699823518,0.0,0.0
50,PPO,MA,2,128,28.96912384033203,28.60266898111431,1.7888639416250818,3.293259859085083,0.04399602389253096,20.730659880394015,1.0,0.9216089823246002,5.305961384274377e-05,0.9980318546295166,0.37430235743522644,0.01694684959759828,0.0,0.0
5,DDQN,MA,2,128,87.49543762207031,81.15995226902464,127.45943843288102,100.0,4.4419475807913065,8.673930900550353,1.0,0.9017906064093113,4.4202483679770695e-05,0.9980310797691345,0.8420666294693947,0.0037450398598016066,0.6621666677905425,0.16202743206108086
10,DDQN,MA,2,128,88.77294158935547,85.44172863719584,73.7191492155668,100.0,5.20735808935897,7.6979691566676856,1.0,0.8998064949214458,2.8730227047705084e-05,0.9983095526695251,0.8892053911983967,0.00013256621622425346,0.6664418914980289,0.14170276181249708
15,DDQN,MA,2,128,10.887096405029297,10.169395894109607,0.007581874707494607,2.7490248680114746,-2.9436074285763327,20.120922847093812,1.0,0.16886541804671287,0.0076409286866740206,0.9983104467391968,0.9238757145404816,9.29672432621359e-05,0.09062115290377329,0.0
20,DDQN,MA,2,128,10.887096405029297,10.11885844400067,0.00873535774674821,2.702157974243164,-2.194936734137168,21.04972273905967,1.0,0.34233608812093735,0.0034170819239920302,0.9983085989952087,0.9238781635761261,9.034039735410439e-05,0.007968095744638462,0.0
25,DDQN,MA,2,128,90.90198516845703,87.63415004562462,75.81419579587981,100.0,5.045185856025913,8.200337945404584,1.0,0.87431727039814,9.368860681274354e-05,0.9980328679084778,0.9087231541275979,0.00021288049758901942,0.6783959344665498,0.24990503249125068
30,DDQN,MA,2,128,89.02098846435547,86.04355828801374,65.68451195513795,100.0,5.208710423317449,7.5832186073113395,1.0,0.9014312590956688,2.818815075440551e-05,0.9980342984199524,0.8930848814249038,8.543327357531027e-05,0.645742096468008,0.23470124008460538
35,DDQN,MA,2,128,30.111507415771484,29.552658768233186,2.721132635616413,3.0387096405029297,2.4980420717103278,21.450045133073576,1.0,0.9220438694953919,6.371382245523592e-05,0.9980324506759644,0.9237218434810639,7.632984073492941e-05,0.20649320122230594,0.013776837542479912
40,DDQN,MA,2,128,85.24555206298828,74.08036430593373,225.8924501688982,100.0,3.244440986443942,8.038701612485566,1.0,0.9014618048071861,7.617857260597835e-05,0.9980322122573853,0.7774812071174383,0.011429747718709334,0.5744519044825414,0.14552294067858626
45,DDQN,MA,2,128,89.6602554321289,84.31388902497375,148.51592231056435,100.0,4.921211412047101,8.709914213521653,1.0,0.8443241093456745,0.005682640343953287,0.9983102083206177,0.9104809405505657,3.9887115445600636e-05,0.25492950676086246,0.11237859331203962
50,DDQN,MA,2,128,85.89694213867188,74.82184434497077,275.47566635346107,100.0,3.7013337447129744,8.002035550576297,1.0,0.8865085709393025,0.0014365033868072009,0.9983095526695251,0.8969927957355976,8.091241526733895e-05,0.2629884458070814,0.09432814826969325
5,A2C,MA,2,128,90.34443664550781,85.31868952408485,113.86057136752295,100.0,4.067044001312806,10.259455094137216,1.0,0.78253434202075,0.002287444550388501,0.9983099699020386,0.8825100950598717,0.0022890914055021722,0.07440507632240852,0.0
10,A2C,MA,2,128,90.17969512939453,84.73623621624628,122.22822340058747,100.0,4.461517521362195,9.1089983979722,1.0,0.8537970008850098,0.0007673222669457703,0.9980339407920837,0.876479522138834,0.0028677104472549703,0.2439999390609543,0.0
15,A2C,MA,2,128,88.69762420654297,83.28592238790807,113.84027832595721,100.0,4.451600379039204,7.568912015438309,1.0,0.8984377375245094,9.6650007073083e-05,0.9980329871177673,0.8629510687589645,0.002492858480342983,0.3062142092372105,0.0
20,A2C,MA,2,128,88.8142318725586,85.39445851291197,74.77221239742254,100.0,4.656795168611064,6.878861970027268,1.0,0.9002289076149463,5.801146891931965e-05,0.9983096122741699,0.8854544349610806,0.00033563616550334605,0.36586204648800036,0.0
25,A2C,MA,2,128,86.87422180175781,83.922040628112,61.42677576975386,100.0,4.783569716620838,7.869344157877616,1.0,0.9008361304104329,5.068838288286968e-05,0.9980326890945435,0.8708449660539627,9.513676063616711e-05,0.3083965263744939,0.0
30,A2C,MA,2,128,87.34121704101562,84.28308791914087,68.10957390834385,100.0,4.842917394766148,8.081062224556062,1.0,0.896167131215334,6.186285325755471e-05,0.9983097910881042,0.8738420796394348,0.00021526743104733937,0.24997246504184184,0.0
35,A2C,MA,2,128,88.74512481689453,86.02505106880687,62.8702382293476,100.0,5.000794818733764,7.603156692229769,1.0,0.8873093726933002,4.14501116819092e-05,0.9983115196228027,0.8924970575869083,6.120962762537087e-05,0.24996697053771963,0.0
40,A2C,MA,2,128,88.21719360351562,85.44871652870998,59.670920606546254,100.0,5.000558701516509,7.881940802893219,1.0,0.890115645378828,4.793650991163376e-05,0.9980324506759644,0.8868667431175709,5.392983282044328e-05,0.24998195554896216,0.0
45,A2C,MA,2,128,86.41130828857422,83.50512422269014,64.63189491885379,100.0,4.7065290382866385,7.673483447899083,1.0,0.9030896716117859,2.228557938211699e-05,0.998032808303833,0.8660053932964802,0.00016007789964840442,0.24998195554896216,0.0
50,A2C,MA,2,128,88.77108001708984,85.767039061665,66.34993342845891,100.0,4.967726462039871,7.795726866001819,1.0,0.8886019008159638,4.3749531369816506e-05,0.9980322122573853,0.8892886431813241,0.00011019353782087503,0.24997246504184184,0.0
5,A2C,SA,2,32,24.512680053710938,17.790881914530924,14.085330501675987,2.7025370597839355,-0.9493358143097979,22.358133439807194,1.0,0.585292945921421,0.013447816602586041,0.9980340003967285,0.905641098856926,0.0002786962283072059,0.9851753578671,0.9573746718140567
10,A2C,SA,2,32,28.913551330566406,28.607238957981863,1.880305667217353,3.1277055740356445,0.053129954772914004,20.670922224865198,1.0,0.9219376052618027,5.674785925090844e-05,0.9980315566062927,0.3948043349981308,0.01864256495289183,0.8576858259528849,0.23333771578599286
15,A2C,SA,2,32,28.82508659362793,28.528054244979888,1.9649917895661193,3.1216378211975098,0.12142346996048134,20.671033710643474,1.0,0.9196103302240372,7.8484543313311e-05,0.9980330467224121,0.45753589034080505,0.020267720597114156,0.9712152541224935,0.37322560467886584
20,A2C,SA,2,32,29.008264541625977,28.65112406526973,1.816012529334649,3.1174323558807373,0.022045379513856062,20.637720232705888,1.0,0.9230524784326554,5.02269368158391e-05,0.9983089566230774,0.3857017353177071,0.01760439833802093,0.8665782208039013,0.21664455520097534
25,A2C,SA,2,32,29.112594604492188,28.643639271368762,1.8231508881749001,3.080425262451172,0.11634614210233776,20.70682599027188,1.0,0.923042084813118,5.13707778268669e-05,0.9980328679084778,0.4260545877814293,0.020212885030057783,0.37838893072139157,0.1345572328397098
30,A2C,SA,2,32,28.883243560791016,28.604225701200747,1.8375226004397955,3.0621280670166016,0.22340638421293713,20.74305026046341,1.0,0.9218427397012711,6.452529886046448e-05,0.9980330467224121,0.48801985651254653,0.011841109687280074,0.23917036187106822,0.36457225270018834
35,A2C,SA,2,32,28.861019134521484,28.576335962185127,1.9505574958373988,3.0383269786834717,0.3131868643920284,20.720566635903953,1.0,0.9214818742275238,6.254091118506317e-05,0.9980332255363464,0.5600564261078834,0.009988690773104228,0.0,0.24987948255186243
40,A2C,SA,2,32,28.79149055480957,28.268933631226925,2.6378705294979796,2.951422691345215,0.33548272587823685,20.80015673152217,1.0,0.9127032535076142,0.00033110938237819313,0.9980339407920837,0.5545581647157669,0.013547218241084845,0.03168114868068254,0.2648834068390166
45,A2C,SA,2,32,29.008264541625977,28.631315716726338,1.8262016178324652,3.087573289871216,0.265565241029869,20.69680363975624,1.0,0.922711550116539,5.150594551287809e-05,0.9980325698852539,0.5277705162167549,0.00843992630560372,0.23219030999876486,0.36103441818956894
50,A2C,SA,2,32,28.919090270996094,28.62972653364231,1.8501285860972236,3.0576133728027344,0.28830864238740966,20.681192959895018,1.0,0.9227448987960816,5.534022120305905e-05,0.998033881187439,0.530403450191021,0.010130931515499517,0.0,0.24971215254122497
5,DDQN,SA,2,32,89.03337097167969,85.25550051845948,86.07093751289285,100.0,5.048918842271469,7.425067457029642,1.0,0.8971672512590885,2.933514779693203e-05,0.9980327486991882,0.9030166036784649,6.930047450893386e-05,0.6522740628686157,0.3688640437402488
10,DDQN,SA,2,32,90.70292663574219,86.78858548316403,85.63745030259143,100.0,4.328209803737086,9.34532950685818,1.0,0.762342500180006,0.0015227068263784995,0.9983094334602356,0.9165680286586284,2.7774240319436953e-05,0.21141003711038028,0.015736259806128923
15,DDQN,SA,2,32,32.10478973388672,31.402820368250925,3.2753963568017133,3.0593762397766113,0.7573929315585338,21.133563050273423,1.0,0.9219126679897308,5.6249635255052164e-05,0.9980314373970032,0.7046434571743011,0.002127376266781971,0.24779980956251174,0.3831219795937068
20,DDQN,SA,2,32,83.2308120727539,77.97772601936413,77.46721433029971,100.0,3.4378568179484668,7.320524986116697,1.0,0.8932699156701565,3.8860411422348796e-05,0.9983096718788147,0.8935523698031902,6.5516458233447e-05,0.2647287051127111,0.35178812392903996
25,DDQN,SA,2,32,71.28502655029297,67.70755565029451,70.34271023298614,100.0,2.8963245120512013,6.739646427227476,1.0,0.9042915369868278,3.9797469817805196e-05,0.9983105659484863,0.8304018493890762,0.004995761986778491,0.6861726558010348,0.46806331966450554
30,DDQN,SA,2,32,83.85655212402344,81.40611515540829,58.2695764291863,100.0,3.460166082173392,6.904585549573278,1.0,0.8972728234529496,2.5366362726302686e-05,0.9983105063438416,0.8904506246447563,0.00022169876299179913,0.30192749702110466,0.6426536856509275
35,DDQN,SA,2,32,68.19437408447266,65.58198388783046,10.435784377942227,4.452240943908691,3.008165673795744,2.9341468064539082,1.0,0.8811668118834496,2.637592943611464e-05,0.9980327486991882,0.918879981443286,3.791899960510884e-05,0.346295580566243,0.2509899893184665
40,DDQN,SA,2,32,88.76786804199219,85.98351982389313,72.45647833382148,100.0,5.261916663581464,7.9764881376576495,1.0,0.8848326046466828,3.180029934304037e-05,0.9980331063270569,0.8969921257197857,0.00022744206645329405,0.5927530987130123,0.4299514410710687
45,DDQN,SA,2,32,84.03605651855469,80.30388467446498,57.180161249968734,100.0,3.2464588267066845,6.609943027019442,1.0,0.906809764355421,4.6451903095977245e-05,0.9983105063438416,0.874673910588026,0.00010170934932238127,0.6883909369653004,0.6483190189013439
50,DDQN,SA,2,32,75.3404312133789,73.90239012354556,29.208630407687565,100.0,3.2455030678958074,6.947531777756594,1.0,0.9010994128286839,6.403953682596187e-05,0.998033344745636,0.8948232938349246,4.8207030644475755e-05,0.6892630646196143,0.3429919223296897
5,PPO,SA,2,32,90.82300567626953,87.33586796279671,74.08301236493752,100.0,4.3506547878070485,9.303636742017087,1.0,0.7339834281206131,0.00026440406526759047,0.9983099102973938,0.9181656044423581,3.070254791607237e-05,0.06561337022643102,0.19233761430129512
10,PPO,SA,2,32,91.09864044189453,88.23153023908044,64.65153904775765,100.0,4.544082659771894,8.964295165191675,1.0,0.7683688172996044,0.0006236200632066289,0.9980340600013733,0.9154448835849762,3.178618208780184e-05,0.3252501685189389,0.0029895097428796836
15,PPO,SA,2,32,91.09626007080078,88.43204193696685,62.160449776591584,100.0,4.384543801146349,9.29820563191704,1.0,0.7300333250761032,0.00015779908030617122,0.9980325102806091,0.917529929369688,2.371716509467691e-05,0.0,0.0
20,PPO,SA,2,32,91.08480072021484,88.40819104369552,61.733564579443964,100.0,4.410135589000108,9.280901229076107,1.0,0.7298489190638066,0.00015400675765808491,0.998031497001648,0.9173736050724983,2.687531117716935e-05,0.0,0.0
25,PPO,SA,2,32,91.11101531982422,88.42766114415555,62.22497757256417,100.0,4.47063189041966,8.966136762731743,1.0,0.7395979363918305,0.0001840165543599773,0.9980341196060181,0.917522600442171,2.5456936747754152e-05,0.17486209419028617,0.0
30,PPO,SA,2,32,91.14314270019531,88.43844914329105,62.79779059431405,100.0,4.411398326185928,9.321779238154726,1.0,0.7442823261916638,0.0003040223379377307,0.9980319738388062,0.9174976363182068,2.222187258779735e-05,0.1912137384581073,0.0
35,PPO,SA,2,32,91.11463165283203,88.42981509075707,61.72759372119189,100.0,4.4575121234292565,9.081415044612136,1.0,0.7304163433015346,0.00014755499480779342,0.998308539390564,0.9176455380916595,2.8637147045770146e-05,0.05372576080775205,0.0
40,PPO,SA,2,32,91.1392593383789,88.4960396679445,62.03555294374628,100.0,4.361012675199492,9.417796789678434,1.0,0.7310588318705559,0.00014641286424440465,0.9983111023902893,0.9182754938006401,2.7502225099481415e-05,0.06377820584959894,0.0
45,PPO,SA,2,32,91.10501861572266,88.45226158254567,62.8008393804403,100.0,4.350248815438737,9.443799053926774,1.0,0.7306505448818207,0.00015639173897455494,0.998033344745636,0.9177180497646332,2.2605611013674916e-05,0.07103844379659245,0.0
50,PPO,SA,2,32,91.12248229980469,88.51075870212705,61.71055540109159,100.0,4.481412094348911,9.103028102793505,1.0,0.7307284903824329,0.00015119873746035275,0.9983118176460266,0.9183955744206905,2.8327009195144908e-05,0.0,0.0
5,A2C,SA,2,64,90.88433837890625,87.55659965894509,79.48740865160113,100.0,4.3413525887991655,9.43762237143449,1.0,0.729060432434082,0.00021875015961765983,0.9980323314666748,0.9187438588440419,2.3349877601998183e-05,0.03329369797859692,0.03329369797859692
10,A2C,SA,2,64,91.17132568359375,88.5702932449295,61.7055428061469,100.0,4.434991026538303,9.074571132900402,1.0,0.7312073305249214,0.0001504041505541536,0.9980332851409912,0.918998235732317,2.6712003792164226e-05,0.0,0.0
15,A2C,SA,2,64,91.08912658691406,88.42277476574289,62.106422419471556,100.0,4.398159882980401,9.242825686973676,1.0,0.7300333579778672,0.000154428400308676,0.9980329275131226,0.9174745663404464,2.4405540628913244e-05,0.0,0.0
20,A2C,SA,2,64,91.21887969970703,88.51384106997786,62.27017389925596,100.0,4.406328954379717,9.288590710342946,1.0,0.7307616285383701,0.00015583007264072612,0.9983100295066833,0.9185275637805462,2.7125603136828294e-05,0.0,0.0
25,A2C,SA,2,64,91.0918960571289,88.53093170297556,61.70511136803953,100.0,4.434249653302688,9.373796885169504,1.0,0.7310312274098396,0.00014561250622315916,0.9980319738388062,0.9186601652503014,2.6922200225326777e-05,0.0,0.0
30,A2C,SA,2,64,91.16375732421875,88.50017608659736,62.00463884229255,100.0,4.4292384536935945,9.22990218603362,1.0,0.7306447528600692,0.0001538189418486651,0.9980329871177673,0.9183226593732834,2.545112822490837e-05,0.0,0.0
35,A2C,SA,2,64,91.2039566040039,88.57758229163693,62.23187531306538,100.0,4.470994096467162,9.222141426587882,1.0,0.7319111603498459,0.00014504417855759432,0.9983096122741699,0.9192096353173256,2.752280072539932e-05,0.04158790170132326,0.0
40,A2C,SA,2,64,91.0927963256836,88.43535721391395,62.144048325052914,100.0,4.376329191382798,9.229579110451056,1.0,0.7302031212151051,0.00015317377724668142,0.9980341792106628,0.9176716252863407,2.485492787492287e-05,0.0,0.0
45,A2C,SA,2,64,91.10975646972656,88.45044006364814,61.88869489114755,100.0,4.414633501688766,9.393021642892336,1.0,0.7303251394927501,0.0001506891713729909,0.9983088374137878,0.9179675329327583,2.932831393878544e-05,0.0014970026231262174,0.0
50,A2C,SA,2,64,87.29275512695312,84.64690229262429,60.191436103581985,100.0,4.9097882986500645,7.658898157866174,1.0,0.8908102306127548,0.0005699745132883873,0.9983078837394714,0.8793391338586807,8.520784788268401e-05,0.24996697053771963,0.0
5,DDQN,SA,2,64,77.7451400756836,74.97501455885597,43.980689043082236,100.0,2.7731397898122108,6.528459751898974,1.0,0.9138001956343651,0.00010084623506432361,0.9980329275131226,0.7927725487649441,0.0005036995721899362,0.4955937823192353,0.2181507946676337
10,DDQN,SA,2,64,89.63441467285156,83.09751933267985,169.03925252541714,100.0,3.9032606199078415,9.870321891913838,1.0,0.7475302040874958,0.00027002421669828464,0.9980331063270569,0.918538633286953,2.9130170108359626e-05,0.37841399140509707,0.1320659010824423
15,DDQN,SA,2,64,84.33272552490234,81.78578374434686,70.87071450200229,100.0,3.5615847506250877,7.187750503632795,1.0,0.8993296435773372,3.059371741695781e-05,0.9980329275131226,0.8948997531235218,4.532329074805158e-05,0.5432411230666526,0.6457630754837475
20,DDQN,SA,2,64,53.22093963623047,48.54353898061726,32.2253525172764,4.2133073806762695,1.723107975846279,23.22581191142996,1.0,0.8606740529537201,0.0010548281746528756,0.998033881187439,0.9116663699150085,0.0001597878228726953,0.6796705989219166,0.2917119852112143
25,DDQN,SA,2,64,56.53097915649414,46.45555994753352,41.95939212029315,4.367795467376709,2.3612506215324895,22.10632127141005,1.0,0.9208927661180496,6.0139660165004824e-05,0.9980329871177673,0.8893850144147873,0.00033562170755775596,0.6319178011242983,0.3282297680088924
30,DDQN,SA,2,64,85.18984985351562,80.92107436014734,92.84831299479968,100.0,3.9117280726862336,7.638278324292465,1.0,0.8919933338165283,2.741880951875606e-05,0.9980323910713196,0.9041677713990212,7.159174824514024e-05,0.6461566817790505,0.23903840183856098
35,DDQN,SA,2,64,74.74857330322266,62.751327645713125,127.20641688923398,100.0,3.2045137235473122,6.791649344958939,1.0,0.9074713476300239,4.8837828597665945e-05,0.9983096718788147,0.8968528669774533,7.378563923027979e-05,0.2539704660413421,0.3212291905022003
40,DDQN,SA,2,64,44.370635986328125,32.862935165207304,16.07526711737321,4.504480361938477,2.3755336478203835,21.846942963260588,1.0,0.9197111303806305,7.66174182842389e-05,0.9980327486991882,0.9215996004343033,0.00012924432445841972,0.25391133899864937,0.4107473675403683
45,DDQN,SA,2,64,23.73091697692871,20.4757268738128,0.4913733254022781,2.8166286945343018,-0.37371350635129386,22.04381486195444,1.0,0.6523445342779159,0.002392560635500363,0.9980328679084778,0.9254633492231369,8.5872368719755e-05,0.2303895203604767,0.685415595953801
50,DDQN,SA,2,64,32.95633316040039,31.787347719340982,4.175729340459913,3.1322758197784424,2.2240654595954688,21.772339509121807,1.0,0.9196052626371384,8.805396346274863e-05,0.9980323910713196,0.9130843192338943,0.00010884653657428878,0.3577595308385225,0.3805403165724439
5,PPO,SA,2,64,91.12852478027344,88.49400346413783,62.09152014395955,100.0,4.382104446922523,9.262269332744877,1.0,0.7418655705451965,0.0002182218037666125,0.998030960559845,0.9183434503376484,2.5991091843774287e-05,0.062482002377122293,0.0
10,PPO,SA,2,64,91.07854461669922,88.44758244075518,61.64040048798776,100.0,4.339933235233632,9.287773010324129,1.0,0.7302750091254712,0.00014871407538890385,0.9980331659317017,0.917792651116848,2.6224970784353012e-05,0.0,0.0
15,PPO,SA,2,64,91.20643615722656,88.49719151016,62.804898672437034,100.0,4.384122218149177,9.252258626501991,1.0,0.7305643806159496,0.00016249652399759234,0.997647225856781,0.9179817657768726,1.898099538376282e-05,0.0,0.0
20,PPO,SA,2,64,91.08252716064453,88.03551731033363,72.92356115507242,100.0,4.3905427000452315,9.172984127788883,1.0,0.7400317422151566,0.00011786732646314489,0.9983091354370117,0.9187094660401345,2.6802358401779685e-05,0.15933912104417552,0.15933912104417552
25,PPO,SA,2,64,91.04157257080078,87.8332913340121,80.46915763479623,100.0,4.426557153463364,9.127014617657695,1.0,0.7434127647280693,0.0001493548773987109,0.9980325102806091,0.9195618104636669,2.7052644950946173e-05,0.15197248951736025,0.15197248951736025
30,PPO,SA,2,64,91.0237045288086,87.76503897737945,79.40821763429594,100.0,4.380044331168127,9.274495498646472,1.0,0.7407001661658287,0.00014814252125911392,0.9980331659317017,0.9185909730195999,2.6022270579997196e-05,0.10857739546019093,0.10857739546019093
35,PPO,SA,2,64,91.14432525634766,88.53146210221992,61.81209593092084,100.0,4.402943116390723,9.208740393655779,1.0,0.7309235258102417,0.00014937182891099573,0.9983105063438416,0.9187656565606594,2.911462994040724e-05,0.0,0.0
40,PPO,SA,2,64,91.10242462158203,88.4044084615674,62.66474237709125,100.0,4.436422260581464,9.205446044462036,1.0,0.7319185881912709,0.00016635200105387949,0.9980328679084778,0.9172115260660648,2.1953327768558884e-05,0.10288309118803918,0.10288309118803916
45,PPO,SA,2,64,91.12739562988281,88.44358633471273,61.825769052036385,100.0,4.369475108915302,9.33186433569896,1.0,0.7303134483397007,0.00014859171937030568,0.9980332851409912,0.9177890373766422,2.741944435376629e-05,0.0,0.0
50,PPO,SA,2,64,91.20687866210938,88.59829381964673,61.840549765603726,100.0,4.439458970187129,9.124268161870013,1.0,0.731432119578123,0.00015123192983244692,0.9980315566062927,0.9192762083411217,2.567287405886588e-05,0.0,0.0
5,A2C,SA,2,128,28.922651290893555,28.60044788314911,1.792521246572965,3.287297487258911,0.03221689925904101,20.70670863668252,1.0,0.9213527208566665,5.8895137173855605e-05,0.9983094334602356,0.3738271002173424,0.016761094613278592,0.8259728048892238,0.0
10,A2C,SA,2,128,91.13228607177734,88.43429304205853,62.81556893922017,100.0,4.392178682328343,9.254695024157378,1.0,0.7478920603692532,0.0003293123330509927,0.9980336427688599,0.9175725612342358,2.4111299295425046e-05,0.16603442406732666,0.0
15,A2C,SA,2,128,90.82232666015625,87.1975521500381,83.93878993087921,100.0,4.54028521187004,8.804558609326225,1.0,0.8081935574710369,0.0005775596794591347,0.9983089566230774,0.9020775072872639,0.0005806017597629455,0.6574843512776347,0.0
20,A2C,SA,2,128,28.90012550354004,28.624167331916368,1.8509272264436643,3.274139165878296,0.01226515483627925,20.65283977403488,1.0,0.9221537991762161,5.867229812439705e-05,0.9980329275131226,0.3736431239247322,0.01651995615871078,0.8018772833574368,0.0
25,A2C,SA,2,128,78.18368530273438,74.2438616979009,65.44848239041772,100.0,2.781582029609904,6.5086656989627105,1.0,0.9169135229587555,1.4890788094916786e-05,0.9980323910713196,0.7716676842272282,0.0007825655354753151,0.5980562941917347,0.0
30,A2C,SA,2,128,76.19723510742188,73.7532248170539,44.75329147804714,100.0,2.687401594235741,6.4299868370519615,1.0,0.9175380278527737,1.6337089796273783e-05,0.9980313777923584,0.7676518780589103,0.0002809830756447636,0.6565323035633606,0.0
35,A2C,SA,2,128,74.53562927246094,69.86014093773655,70.13649301610276,100.0,2.491948554436604,6.456378850032178,1.0,0.9186361514031887,1.4535615637387146e-05,0.9983087778091431,0.7272738787531853,0.0014297535595378754,0.6552425935957559,0.0
40,A2C,SA,2,128,45.80226135253906,41.41770824843538,26.46533731760502,3.7437996864318848,0.8087391962401883,21.33842246358816,1.0,0.9218262560367584,5.700168286757565e-05,0.9980328679084778,0.5132498863935471,0.0086531448015114,0.24983167397739448,0.24983167397739448
45,A2C,SA,2,128,71.72234344482422,65.93979933927918,88.91691196248514,100.0,2.3246239279022163,6.550260594452117,1.0,0.919410472214222,1.4667926972271683e-05,0.9980344772338867,0.6905146922469139,0.002821616383032156,0.6940577687168409,0.19447747390672482
50,A2C,SA,2,128,44.35436248779297,39.81786269342114,30.5023142497395,3.652859926223755,0.782096753975257,21.370367099074517,1.0,0.920169709444046,6.134578220675456e-05,0.9983090162277222,0.5475021002292633,0.006917999870770103,0.2619750518922236,0.40805415117868055
5,DDQN,SA,2,128,86.2250747680664,81.24709842468368,103.30228168853367,100.0,4.538680942705844,8.236237334066788,1.0,0.8943722365200519,2.1603586722640564e-05,0.9983100295066833,0.8985795819759369,8.669616104953944e-05,0.6241816622922922,0.28451141745469094
10,DDQN,SA,2,128,85.75909423828125,80.98384820193662,95.70346498897966,100.0,4.207537425578623,8.20379577060361,1.0,0.8898435061275959,4.861328049822876e-05,0.9980340600013733,0.8996193567216396,5.2359337588669094e-05,0.29743648915172605,0.5646177411044603
15,DDQN,SA,2,128,89.4365005493164,84.15861199439496,121.53341207821255,100.0,4.567360003312667,8.773542124289346,1.0,0.8316365078091621,0.00031979657631215513,0.998033344745636,0.9191749048531055,2.639227431872079e-05,0.4146852111175796,0.3554654456879507
20,DDQN,SA,2,128,33.345970153808594,32.558035519308675,4.3045425796750605,3.211812973022461,2.3686291490367313,21.69510113998266,1.0,0.9171925351619721,6.89307615805739e-05,0.9980350732803345,0.9235553056001663,7.502400170616675e-05,0.6661726447304991,0.34659622870028406
25,DDQN,SA,2,128,70.00596618652344,59.25053479344012,77.26335979269783,100.0,2.273785347559725,7.9549545633999745,1.0,0.838990290202883,0.002280537786673373,0.9983101487159729,0.9208100422024152,2.4523683094053404e-05,0.13483617361010306,0.43043692843663817
30,DDQN,SA,2,128,30.49933433532715,29.64454734063672,2.3097909611521192,3.073181390762329,2.2616001947554287,21.68762532152993,1.0,0.9160909589529037,5.9662709394824146e-05,0.9980319738388062,0.9236425143480301,8.587724533078179e-05,0.3875363046362365,0.6605790415177627
35,DDQN,SA,2,128,28.530927658081055,27.911991486768283,1.6668942374040345,2.9771392345428467,1.6510941328224307,22.22340624455842,1.0,0.9005759358406067,0.0001287534252198981,0.9980329275131226,0.9227605836391449,7.873232525667227e-05,0.4676953478272996,0.3419348926896706
40,DDQN,SA,2,128,31.765464782714844,30.484064671331776,2.7486734021878845,3.1204993724823,2.32168417586062,21.57736717902021,1.0,0.9183010594844818,7.08427240123087e-05,0.9980336427688599,0.9205746026039123,8.640786371522928e-05,0.6499177294114367,0.5328584348269528
45,DDQN,SA,2,128,28.761829376220703,27.71916637496796,5.8627710935637225,2.9929733276367188,2.0650995004468573,21.95500947141908,1.0,0.8857466698884964,0.0014911519953419699,0.9980332255363464,0.9230058089494705,8.02153816521515e-05,0.38685104840219753,0.3639905817108298
50,DDQN,SA,2,128,43.17506408691406,41.289619436283076,15.391681699354272,3.6208114624023438,2.4938873954697285,22.153261713143404,1.0,0.9135391850471497,6.542783951443515e-05,0.9980327486991882,0.9188887431621552,0.00010027169463831679,0.25793522734969176,0.26534555639220564
5,PPO,SA,2,128,29.00868034362793,28.702368679160845,1.8642202169893851,3.273773431777954,0.006031394115892683,20.624314407103494,1.0,0.9215072369575501,5.7634183414074866e-05,0.9980330467224121,0.3746153507828712,0.016530159620684305,0.0,0.0
10,PPO,SA,2,128,29.066436767578125,28.697764720269543,1.8399821786797317,3.0749764442443848,-0.004193990134416583,20.594649553731795,1.0,0.9219411252737045,5.4502963981333594e-05,0.9983118772506714,0.37507161873579026,0.01676748650816095,0.0,0.0
15,PPO,SA,2,128,90.96043395996094,87.81057787346637,72.79192201022668,100.0,4.464741383684331,8.94548482361954,1.0,0.7525484429597855,0.0007726565931284551,0.9983088374137878,0.9103583211302757,0.00016128441974085742,0.188433519372248,0.013797199351348809
20,PPO,SA,2,128,90.46012878417969,85.9063739056947,94.1197806093349,100.0,4.260632100357287,9.153224412821878,1.0,0.7745780295133591,0.001488274766338392,0.998033881187439,0.8913810741007328,0.0011312380887175755,0.07440507632240852,0.0
25,PPO,SA,2,128,91.04788208007812,87.89719863702868,70.70185994231589,100.0,4.3469606370761475,9.2717736707534,1.0,0.7493481618762017,0.0005019453941091077,0.9983088374137878,0.9115797103047371,0.0001141182252547054,0.09472225406537113,0.0
30,PPO,SA,2,128,29.000953674316406,28.66765734773434,1.8392160560402129,3.0653834342956543,0.04872447255480209,20.692198351769484,1.0,0.9209158511161805,5.8636230184962195e-05,0.9983096122741699,0.374329052567482,0.016613367218640873,0.0,0.0
35,PPO,SA,2,128,28.05069351196289,26.295249674372567,3.901695474218457,3.2959275245666504,0.3258748097259722,21.104653575393815,1.0,0.8522438102960587,0.0015421941119543089,0.9980334043502808,0.7000940850377083,0.031032354566217456,0.0,0.2472022023816638
40,PPO,SA,2,128,28.95745277404785,28.647710181519894,1.8266505325171316,3.19022274017334,0.038962314816116506,20.72602904401735,1.0,0.9212259502410889,5.330241000593538e-05,0.9980311393737793,0.3744591835737228,0.016755717839345846,0.0,0.0
45,PPO,SA,2,128,29.039257049560547,28.74541620913142,1.8398827253253744,3.112044334411621,0.007797836659043031,20.6559086887648,1.0,0.9238624700307846,5.1009938923116514e-05,0.9983102083206177,0.37561672645807265,0.016863789261604138,0.0,0.0
50,PPO,SA,2,128,29.18939781188965,28.857540695967074,1.8934813032787234,3.0854828357696533,0.08329519261968528,20.807601321075293,1.0,0.9218483501672745,5.290194163102732e-05,0.9980341196060181,0.37672125291824343,0.016689704989824423,0.0,0.0
5,DDQN,MA,2,32,30.79026222229004,29.539520551106648,2.2883745636842314,3.271728992462158,0.10554098758378072,20.71549980476829,1.0,0.9218518801927567,5.555471345691745e-05,0.9980340600013733,0.3831550834774971,0.01601173608101036,0.2421823020625416,0.0
10,DDQN,MA,2,32,80.90890502929688,77.70409501355508,71.15091351519524,100.0,2.9961090605670604,6.673517516973547,1.0,0.9124037285447121,7.870026526622633e-05,0.9983110427856445,0.8198023261725903,0.0002449002959941445,0.5468500132742224,0.15933912104417552
15,DDQN,MA,2,32,89.03594970703125,86.14552742501964,69.7062377163214,100.0,5.330608080612725,7.3508553801966166,1.0,0.8945506392121315,2.515369547465622e-05,0.9980328679084778,0.900939644753933,4.130264169076793e-05,0.398120779690115,0.09492854772014292
20,DDQN,MA,2,32,89.36444854736328,86.49164247155369,63.98153162428963,100.0,5.316029347058596,7.598628055996576,1.0,0.893866895198822,4.171960835706452e-05,0.9980319142341614,0.9007329436540603,4.338718684734845e-05,0.25494499127247966,0.09738209356091569
25,DDQN,MA,2,32,88.80892944335938,85.92769389602913,65.80726300798196,100.0,5.222769360790129,7.34185792816064,1.0,0.9004803375303745,2.8014139012144657e-05,0.9980332255363464,0.8931843075752258,5.6137641097375255e-05,0.24999244505683196,0.1281463216417778
30,DDQN,MA,2,32,89.14115905761719,86.0294536955651,69.33410895383084,100.0,5.235075906172268,7.67403734603782,1.0,0.8974132423400879,4.622903505234581e-05,0.9983091950416565,0.8937941688895226,9.917327396100517e-05,0.2499894480545834,0.09863583950153858
35,DDQN,MA,2,32,89.02404022216797,85.93581861117552,67.78960600835516,100.0,5.132983163505539,7.327127979966836,1.0,0.89979325440526,3.151153945803408e-05,0.9980313777923584,0.8921963133513927,0.00013105996426367408,0.2529654712873448,0.07103844379659245
40,DDQN,MA,2,32,90.2548599243164,87.42072108600927,65.42698195080021,100.0,5.3126998616569585,7.599327713952476,1.0,0.883486692070961,3.152002068966426e-05,0.9983096122741699,0.9085969196557999,5.4312918301358746e-05,0.24998195554896216,0.03375873282748931
45,DDQN,MA,2,32,87.5764389038086,80.97300999740074,134.31833571597622,100.0,4.455075009651985,8.131899037367809,1.0,0.9018732966184616,4.9695095802038467e-05,0.9980318546295166,0.8398380278944969,0.004241551475862846,0.343833080960769,0.022460034350640774
50,DDQN,MA,2,32,89.36266326904297,86.60980678283829,66.95260454390005,100.0,5.309271263843891,7.280294829251598,1.0,0.8930397159457206,3.87702987312241e-05,0.9980314373970032,0.9018870740234852,0.00010711986199157315,0.25196597103746976,0.027674318762657656
5,PPO,MA,2,32,41.73515319824219,23.49506071893993,92.64700783046752,4.006899833679199,0.34464557493893716,24.171051201334286,1.0,0.5042630615234375,0.011265292074016428,0.9980322122573853,0.9231585447788239,8.062061227888198e-05,0.24999900398803196,0.04741016968059889
10,PPO,MA,2,32,10.933098793029785,10.13369971406674,0.008575085274632868,2.7023046016693115,-1.8690998290299239,20.588764963512048,1.0,0.34282183134555816,0.003415038224496465,0.9983100295066833,0.9242232630252838,8.764515035089511e-05,0.0,0.0
15,PPO,MA,2,32,10.887096405029297,10.131141418944338,0.007766541568963687,2.749124050140381,-1.8343226218437163,20.70287171741614,1.0,0.341658926486969,0.0032024867766783254,0.998034656047821,0.9237381907701492,8.140376567342246e-05,0.0019920239361596154,0.0
20,PPO,MA,2,32,86.6938705444336,83.49635866985864,75.02542279996324,100.0,4.69659922784683,7.897038716764438,1.0,0.8992435419261455,2.7942211330799578e-05,0.9983095526695251,0.8693120793104172,0.00021237571500551172,0.24999244505683194,0.03422326817600696
25,PPO,MA,2,32,81.82072448730469,68.83700377413298,330.53581269397176,100.0,3.064791150556096,7.309870162513899,1.0,0.8563539433330297,0.006281905467755605,0.9983093738555908,0.8817814790010452,0.00025369558689589675,0.2497197178522184,0.24990503249125065
30,PPO,MA,2,32,10.887096405029297,10.113942506070622,0.008847882824046721,2.7490782737731934,-1.8089279295884058,20.62793066545186,1.0,0.3411448686718941,0.0032224491288038713,0.9983087778091431,0.9229944087266923,9.392652263134293e-05,0.0019920239361596154,0.0
35,PPO,MA,2,32,10.887096405029297,10.189486560707321,0.007203535061487865,2.7487878799438477,-1.8471711323700637,20.622460229096074,1.0,0.3435623041987419,0.0031961855499141704,0.9983078837394714,0.9248760869503021,9.69118661712491e-05,0.0019920239361596154,0.0
40,PPO,MA,2,32,71.5068130493164,65.35019910970172,13.66132873551976,4.700307846069336,1.9851754565174595,2.2141823004676007,1.0,0.9215603944063187,9.582160369529416e-06,0.9983096718788147,0.6704958093166351,0.001346407980799024,0.24999998438280954,0.0
45,PPO,MA,2,32,89.92290496826172,86.80423645303584,69.6534629184392,100.0,4.954175744874068,7.741245386428808,1.0,0.8751840642392635,7.228637610852995e-05,0.9980322122573853,0.899662104845047,0.0001327783172140272,0.24997246504184184,0.0
50,PPO,MA,2,32,86.1975326538086,83.23223187171597,63.42842650901483,100.0,4.670951848079835,7.614142071924506,1.0,0.9028794431090355,2.379972755891046e-05,0.998033881187439,0.8633035837709904,0.00014744743812180374,0.24999244505683196,0.0
5,A2C,MA,2,32,90.45443725585938,87.88757715172794,60.126925116971975,100.0,5.004983152831155,7.811770509336476,1.0,0.8584222778379917,0.00035474621227425316,0.9980342984199524,0.9120673958063126,3.371094657757668e-05,0.323772646410428,0.0
10,A2C,MA,2,32,89.69285583496094,87.130945822884,59.568233588385475,100.0,5.090996220462147,7.774200746424694,1.0,0.8711010910868645,0.0002633288536857969,0.9983080625534058,0.904706472247839,4.697660996743663e-05,0.3372966190567885,0.0
15,A2C,MA,2,32,88.28375244140625,85.64462799718534,58.029013769733226,100.0,5.160877993096714,7.820505607354768,1.0,0.8875126674473286,0.0002631038893461784,0.9980332851409912,0.8895465124845505,5.7669849841171136e-05,0.316633287554124,0.0
20,A2C,MA,2,32,87.9969711303711,85.1713995854894,58.33472888023057,100.0,4.997186305328109,8.025727935584136,1.0,0.8901366216540336,0.00027162892680465006,0.9980319142341614,0.884934359818697,7.271736654924724e-05,0.3184569634223368,0.0
25,A2C,MA,2,32,86.58063507080078,84.07240781207373,55.20503906630126,100.0,4.762078852585886,7.858060226254928,1.0,0.8996835504174232,9.441487900263096e-05,0.9980315566062927,0.8736458050310612,8.86579168452863e-05,0.2915548722390429,0.0
30,A2C,MA,2,32,86.77839660644531,83.8108269278256,58.138887910065385,100.0,4.781936921384083,7.660166291357637,1.0,0.9013105458915234,0.0001459696118248078,0.9983103275299072,0.8707209658324718,9.484207935149349e-05,0.2905553719891679,0.0
35,A2C,MA,2,32,87.30394744873047,84.57995202790374,59.12766244387509,100.0,4.904963203932511,7.714241427937788,1.0,0.8961791876554489,0.00010593585122081479,0.9980332851409912,0.8785503624677659,7.118424219881375e-05,0.299973451555082,0.0
40,A2C,MA,2,32,88.64511108398438,85.86227029564975,60.53956768904624,100.0,5.090631779329828,7.533243597633262,1.0,0.8884273329079151,0.00016151083132434087,0.9980316162109375,0.8915758495628834,5.067854911805094e-05,0.3054984252001935,0.0
45,A2C,MA,2,32,89.30188751220703,86.60162570606406,60.94072057992993,100.0,5.065109998389877,7.731752531828531,1.0,0.8796125136017799,7.465714711686725e-05,0.9983106255531311,0.8990993852913379,4.524956544327965e-05,0.32209082864864413,0.0
50,A2C,MA,2,32,87.38326263427734,84.38227763454775,61.59017331156073,100.0,4.867004159813759,7.7217747221496005,1.0,0.8989320083260536,5.025601802135878e-05,0.9980341196060181,0.8760337414741516,9.401317311041731e-05,0.24997246504184184,0.0
5,A2C,MA,2,64,10.887096405029297,10.128145126525514,0.007060221694932165,2.7023918628692627,-2.5228226679710004,19.96637712498846,1.0,0.15636232401430608,0.008558163573293847,0.998033344745636,0.9217045109272003,7.898812858611057e-05,0.08984027952079875,0.0
10,A2C,MA,2,64,10.887096405029297,10.1281754499424,0.00823643534884397,2.702587604522705,-1.8788544937462917,20.569768759120176,1.0,0.34156140619516373,0.003414649683776284,0.9983096122741699,0.9235953855514526,8.761646180346928e-05,0.0,0.0
15,A2C,MA,2,64,10.887096405029297,10.14927441488483,0.006941173014124505,2.7022807598114014,-1.8710196293117163,20.587470819710603,1.0,0.3418338762521744,0.0034059690825545583,0.9980318546295166,0.9245094231367111,8.154574133190879e-05,0.0,0.0
20,A2C,MA,2,64,10.887096405029297,10.207825066800602,0.00649582259798126,2.702385902404785,-1.781964181565462,20.701584399587222,1.0,0.344361505150795,0.0033677499531226825,0.9980331659317017,0.9256635563373565,8.922284154427305e-05,0.0,0.0
25,A2C,MA,2,64,10.887096405029297,10.142323587231056,0.007983543351816537,2.702018976211548,-1.8741351126297237,20.712083926421204,1.0,0.3412213387489319,0.0034515740780051204,0.9983100295066833,0.9254880882501603,8.684288604693136e-05,0.0,0.0
30,A2C,MA,2,64,10.887096405029297,10.186037076923423,0.006108357001302217,2.7023520469665527,-1.8752958714170103,20.542560091420718,1.0,0.3438183292746544,0.003366460985560085,0.9980325698852539,0.9257038835287094,7.552533966488528e-05,0.0,0.0
35,A2C,MA,2,64,10.887096405029297,10.165366770502574,0.006303808968534249,2.702293634414673,-1.8028941009353527,20.65272341799494,1.0,0.34285484582185743,0.0033784604512490917,0.9980307221412659,0.9246367579698562,7.552921620212024e-05,0.0,0.0
40,A2C,MA,2,64,10.887096405029297,10.160358604080901,0.007111515682697915,2.7024619579315186,-1.8106066392076587,20.626776010791595,1.0,0.34027203142642976,0.003458191296886757,0.9983104467391968,0.9247589172124863,8.35553313385006e-05,0.0,0.0
45,A2C,MA,2,64,10.887096405029297,10.185994677438945,0.006719926287240238,2.7025222778320312,-1.805050006909612,20.668158928442733,1.0,0.34304315185546874,0.003413632126507376,0.9983113408088684,0.925077123761177,8.403276889876818e-05,0.0,0.0
50,A2C,MA,2,64,10.887096405029297,10.128138277583018,0.008195053203640402,2.702143430709839,-1.8358087361318072,20.611040345410007,1.0,0.34181986361742017,0.0034143366649382794,0.9983088374137878,0.9241295404434204,8.544540684636196e-05,0.0,0.0
5,A2C,MA,2,128,90.09205627441406,85.08179708411251,104.3495593084894,100.0,4.410949385818513,9.01450185099992,1.0,0.8389865269958973,0.0014869292191051872,0.9980336427688599,0.8816103510558605,0.0017920953298859877,0.01718531039327912,0.05283914764257053
10,A2C,MA,2,128,90.15666198730469,86.06407941668586,101.08470216825526,100.0,4.379556756234844,9.102876393702335,1.0,0.7663109059631824,0.00029748243002476987,0.9983103275299072,0.9189736020863056,2.8042693558772242e-05,0.2323550868244039,0.1377197458242393
15,A2C,MA,2,128,10.887096405029297,10.12771462156863,0.009017034631705511,2.7491345405578613,-1.8462534034506188,20.68544889650819,1.0,0.3415473059415817,0.0032195793665152498,0.9983100891113281,0.9262106246948242,8.843985103526483e-05,0.0019920239361596154,0.0
20,A2C,MA,2,128,10.887096405029297,10.09639193102747,0.0075998800207656295,2.7520718574523926,-1.806645507993039,20.720349239283724,1.0,0.33818371200561526,0.0026730761937939825,0.9980325102806091,0.9233384765386582,7.542203714515296e-05,0.005952167521244938,0.0
25,A2C,MA,2,128,10.887096405029297,10.11561197292305,0.009574703401924636,2.7492828369140625,-1.8444350057703531,20.592647084452338,1.0,0.3389202105998993,0.0027251258925878106,0.9983092546463013,0.9251036239862442,9.359513100864913e-05,0.003976079776574598,0.0
30,A2C,MA,2,128,10.887096405029297,10.098119564399035,0.007911140561847987,2.7489092350006104,-1.8130753183599837,20.66261136602081,1.0,0.33828029614686966,0.002676638241641535,0.9980323314666748,0.9235044306516648,7.846131204342264e-05,0.005952167521244937,0.0
35,A2C,MA,2,128,10.887096405029297,10.10338578062381,0.00784687703948989,2.7491214275360107,-1.8584238657553098,20.621377936419698,1.0,0.33849973100423814,0.002690810144434472,0.998032808303833,0.9239740039110184,7.792415283300131e-05,0.003976079776574598,0.0
40,A2C,MA,2,128,10.887096405029297,10.103535890103338,0.008667873054884478,2.7492079734802246,-1.8858862986784435,20.582271186126974,1.0,0.33847944551706316,0.0027082326725306983,0.9983099699020386,0.9239965773820877,8.565976569781154e-05,0.005952167521244937,0.0
45,A2C,MA,2,128,10.887096405029297,10.108537616843948,0.008822145775393845,2.749209403991699,-1.8874747332114867,20.5728636518178,1.0,0.34077522575855257,0.003214116927034824,0.9980337619781494,0.924447770357132,8.710318128468312e-05,0.003976079776574598,0.0
50,A2C,MA,2,128,10.887096405029297,10.099184955665452,0.00761147123664737,2.702240467071533,-1.83119444391772,20.607976445897183,1.0,0.3416823634505272,0.003387542159817851,0.9980326890945435,0.9236082453727722,7.604689758195697e-05,0.0,0.0
5,PPO,MA,2,64,26.300888061523438,21.637754706803435,22.19168622495505,2.8217854499816895,0.7668023591586007,22.495822114851585,1.0,0.7006784337162971,0.01759380795931742,0.9980328679084778,0.899910299539566,0.0005811261007111932,0.06325871211668481,0.20113864088190886
10,PPO,MA,2,64,89.31254577636719,86.94109087166699,58.49920220502183,100.0,5.070162658741151,7.4872987741798545,1.0,0.8703407385349273,0.0003288176886597039,0.9980317950248718,0.902958618581295,4.7737797967407084e-05,0.24996697053771963,0.01621977616888707
15,PPO,MA,2,64,45.22014617919922,41.425389643914684,21.824553048090365,3.6828038692474365,0.8223900604703113,21.371933885352526,1.0,0.9148375446796417,0.0002759699161650656,0.9983095526695251,0.5295887832045555,0.009097557396625456,0.24999103589228724,0.22905884837112203
20,PPO,MA,2,64,51.23855209350586,46.99963373586434,26.200759214729153,3.984574317932129,1.0291287351830476,15.187539457348292,1.0,0.9227148932722025,5.100454614485987e-05,0.9983091354370117,0.5371301150208273,0.005373526227219434,0.24998843074644828,0.0
25,PPO,MA,2,64,91.11444854736328,88.54664031271336,62.00939937831758,100.0,4.460127243737707,9.188002238437743,1.0,0.7310963553190232,0.0001517950518293748,0.9983091354370117,0.9187942497134208,2.787091768307601e-05,0.0,0.0
30,PPO,MA,2,64,88.8938217163086,86.19838668893779,57.95198682267695,100.0,5.101711972289417,7.55249427945407,1.0,0.880267679989338,0.00024756936574376085,0.9983106851577759,0.8952529005110264,5.9595557851457026e-05,0.24997246504184184,0.0
35,PPO,MA,2,64,89.0834732055664,86.60372378574735,56.719450141348105,100.0,5.1631332493793485,7.685223129290787,1.0,0.8712718792557717,0.0008069805481411402,0.9983111023902893,0.8993944214582443,7.205570488625496e-05,0.24996697053771963,0.0
40,PPO,MA,2,64,88.92278289794922,86.61812936372009,56.23686468865492,100.0,5.251176842029901,7.6384442940303146,1.0,0.8715484276115895,0.0009135444078166979,0.9983099102973938,0.8996646435558796,8.40852780276604e-05,0.24997746004558943,0.0
45,PPO,MA,2,64,55.1942024230957,53.923787025474546,5.007416154792758,4.170692443847656,1.4012675917884523,1.9606431154434505,1.0,0.9207689198404551,0.00010112974634148417,0.9983096122741699,0.5566489756554365,0.0015152741013402112,0.24999873500757533,0.0
50,PPO,MA,2,64,89.03128051757812,86.39879273915517,57.58100898073685,100.0,5.072172306064723,7.6685832078901255,1.0,0.8760917760431767,0.00029416731229736865,0.9983103275299072,0.8973606201112271,6.091075252693066e-05,0.24996697053771963,0.0
5,PPO,MA,2,128,87.37994384765625,82.34842329821188,105.03055986949673,100.0,4.411271795488965,7.321647711564502,1.0,0.9097187510728836,2.575082910824308e-05,0.998033881187439,0.8532326737046242,0.002113327287132917,0.07020977267488193,0.0
10,PPO,MA,2,128,28.604528427124023,26.879362306195105,10.08395563073991,2.9262359142303467,1.7228712469279885,21.968645380882382,1.0,0.8672462830543518,0.00431007050246915,0.9980340600013733,0.9075486006736755,0.00016695075744288626,0.9659563109310324,0.15289978924386757
15,PPO,MA,2,128,16.952478408813477,15.34291182116358,0.22303194824193975,2.7490572929382324,-1.1026575608613962,21.565599915581736,1.0,0.5024721626639366,0.0014616811471750866,0.9980331659317017,0.9238783172369003,7.910958039998166e-05,0.2763893370942746,0.33858032438117774
20,PPO,MA,2,128,27.332399368286133,26.654312432645085,3.375095616785602,2.954336643218994,1.6178182794781264,22.3260258814276,1.0,0.8681964328289032,0.0003328456367601012,0.9983094930648804,0.9245501788854599,9.146103358362398e-05,0.9888088095266553,0.24997509970079793
25,PPO,MA,2,128,16.59800148010254,15.809783570066898,0.5869318799818791,2.748838186264038,-1.0334242137219616,21.562482723729687,1.0,0.5209402543306351,0.0011495467677210911,0.9983101487159729,0.9238898544311523,8.82968409248125e-05,0.003976079776574598,0.2498794825518624
30,PPO,MA,2,128,26.731521606445312,26.05980610038468,3.322258409229833,2.900512218475342,1.3543274891293215,22.497535375983176,1.0,0.850381354212761,0.0003374750836281058,0.9983097314834595,0.9249735794067383,9.195572170891603e-05,0.06285233923370824,0.24999103589228724
35,PPO,MA,2,128,15.719842910766602,14.69093544897205,1.102960898081989,2.7022950649261475,-1.1468957355007192,21.629974660619947,1.0,0.4880447714924812,0.0019304969249881096,0.9980336427688599,0.9237661701440811,8.358357390547546e-05,0.3072178995302808,0.24956075872207684
40,PPO,MA,2,128,28.44552230834961,26.930039605694617,9.467809920342855,2.8849170207977295,1.2652415485863022,21.708931237421144,1.0,0.8731036254167557,0.004054597690683469,0.998033344745636,0.8962926607131958,0.00031408650553895747,0.9870558284628348,0.01377683754247991
45,PPO,MA,2,128,29.09221076965332,28.405765312636447,4.343688274739548,2.8508083820343018,0.8001834235326972,21.040783135464256,1.0,0.9095276525020599,0.0006406387370573815,0.9983111023902893,0.7744862793684005,0.001702829138204764,0.06285233923370824,0.017641363978629563
50,PPO,MA,2,128,10.887096405029297,10.129803486213,0.007054640002558237,2.7022817134857178,-1.809181934454945,20.657828398928924,1.0,0.34245972174406053,0.0033684436979617613,0.9980331659317017,0.9241343301534652,7.643331572524339e-05,0.31384735518981993,0.0
5,DDQN,MA,2,64,72.46308135986328,69.50045148734151,32.946512594494735,100.0,3.0851878354187194,6.734773597988163,1.0,0.9008289558291436,2.3005365757573623e-05,0.9983094334602356,0.8920540470182896,7.80225903248463e-05,0.2648036301689235,0.27915927093924303
10,DDQN,MA,2,64,13.75,10.537642610287238,0.1414457580858008,2.8073368072509766,-2.5660908074971442,19.981677012239366,1.0,0.12201914951205253,0.007644327804017492,0.9980334639549255,0.9245276366472244,9.039549560063817e-05,0.0,0.0969876614037394
15,DDQN,MA,2,64,88.69090270996094,85.48006522566125,70.32500208223534,100.0,5.161395820102532,7.4854818538785555,1.0,0.9013143218755723,2.500205114648734e-05,0.9980316162109375,0.8930680797398091,7.056350310083788e-05,0.5689708868704079,0.10744752561250606
20,DDQN,MA,2,64,86.48485565185547,76.01174408837832,293.0230833459287,100.0,3.8999240299028672,8.871705506292027,1.0,0.8342158795893192,0.006469855500584654,0.9980317950248718,0.906690460473299,6.572974418692041e-05,0.48495142733480834,0.09902445079309422
25,DDQN,MA,2,64,89.3616943359375,86.15708629421327,74.12701680519332,100.0,5.32518642273234,7.491637798912842,1.0,0.8950150352716446,2.8533708058536078e-05,0.9980324506759644,0.8947712281942367,0.00018776267627377204,0.6712945376387268,0.04160938021743749
30,DDQN,MA,2,64,90.40267944335938,87.27578643606282,76.28624036676453,100.0,5.20784997566976,7.562118648709746,1.0,0.88523127374053,4.252519449942117e-05,0.998031735420227,0.9048100732862949,0.0002839941745230271,0.6874259022412832,0.11410236910530241
35,DDQN,MA,2,64,89.52460479736328,86.4845019578338,69.8182083250892,100.0,5.311737620200532,7.549296437842878,1.0,0.8953326114714145,3.279419672091738e-05,0.9983091950416565,0.8981588088274002,0.0001156307551116056,0.5249059628106987,0.07649298788886418
40,DDQN,MA,2,64,89.0440902709961,86.1294918779967,67.27393894242446,100.0,5.209696309945394,7.433920693139383,1.0,0.9005939273536205,2.672829079240289e-05,0.998308539390564,0.8941798935830593,8.490557600131931e-05,0.2499894480545834,0.2315903517506614
45,DDQN,MA,2,64,88.57035827636719,85.65720421049012,74.075886543542,100.0,5.254509450598754,7.420012822128673,1.0,0.8944974784851074,3.216605204573688e-05,0.9980325102806091,0.897512489438057,0.00015990260712275128,0.24999494255870564,0.017219276418762145
50,DDQN,MA,2,64,89.31623077392578,86.13634749521678,74.1183707248429,100.0,5.204407202764072,7.394343619238689,1.0,0.8971289401054382,4.450322629888226e-05,0.9983099102973938,0.8921923705041409,0.00028033501092622476,0.34835256035150836,0.04702746078235247
5,DDQN,MA,2,128,30.230642318725586,29.262614514775382,5.755721379644844,3.078639030456543,2.0031219374038978,22.10103951335969,1.0,0.8829502149820327,0.0009614957082334758,0.9983102679252625,0.9242478927373886,8.860491661497193e-05,0.3302456962322859,0.24997509970079793
10,DDQN,MA,2,128,89.17202758789062,85.9998323682664,70.25630349863866,100.0,5.203362801309111,7.49539967081438,1.0,0.8963958740234375,3.381113698471694e-05,0.9980332255363464,0.8951233609914779,0.00010212358155574225,0.2588800552247614,0.07800048001986012
15,DDQN,MA,2,128,89.83196258544922,86.87257360995024,67.23983823222979,100.0,5.289360030748319,7.481668603588723,1.0,0.8933214184939862,2.8756192098207404e-05,0.9980334043502808,0.9025622711181641,4.836016927017191e-05,0.26276117313657,0.24853839946593417
20,DDQN,MA,2,128,79.23865509033203,63.24857504042549,213.00592459071981,100.0,3.1715897769778447,6.8957642819683524,1.0,0.887878607660532,4.856535512767547e-05,0.9980334043502808,0.9159790459573269,6.914741006908248e-05,0.2618440904485289,0.05105992730771046
25,DDQN,MA,2,128,89.31731414794922,86.13553601607629,73.52274435978485,100.0,5.310995676103739,7.736977449623972,1.0,0.8945038191974163,3.5642766159982186e-05,0.9980318546295166,0.9012005771696567,4.770782253843887e-05,0.2598795554746364,0.09195302398775623
30,DDQN,MA,2,128,88.92083740234375,86.08750153588748,70.04261284756633,100.0,5.2551706125070785,7.4471612774244695,1.0,0.8930451449751854,3.175724856053099e-05,0.9980340600013733,0.897621563732624,0.00019164304116037442,0.25692001575424184,0.01621977616888708
35,DDQN,MA,2,128,88.85530090332031,85.96712974832393,63.58300410942855,100.0,5.267235503464505,7.369751885139759,1.0,0.8994454075992108,2.505327856778524e-05,0.9980316162109375,0.8925539872050285,5.871238322060811e-05,0.25889054473263123,0.08795452348788126
40,DDQN,MA,2,128,89.78553771972656,86.88349763325964,65.23118649854689,100.0,5.313418808153485,7.465872188558536,1.0,0.8925595078766346,3.487687636368089e-05,0.9980332255363464,0.9043248815536499,3.723189626780373e-05,0.3661952132379587,0.065499484140988
45,DDQN,MA,2,128,61.32297897338867,60.38730993058734,9.619427492275786,4.211035251617432,3.0669273134545367,2.4148300928544204,1.0,0.8993877734094858,1.8167618687950386e-05,0.9980328679084778,0.9206473097205162,1.0424786785907525e-05,0.2938077027856258,0.004478635402384095
50,DDQN,MA,2,128,88.64226531982422,85.62688503189125,66.73368226799471,100.0,5.217548835521814,7.5377129213292395,1.0,0.8988798651695251,2.9457608388400526e-05,0.9980320930480957,0.8885902370214462,0.00012774089401104772,0.2588905447326312,0.04882466313070351
